775286610000,0.52653,-0.01491,0.00961,0.00794,0.71550,-0.00847,0.69851,0.64167,-0.02595,0.00016,
775377540000,0.60035,-0.00039,0.01013,-0.00318,0.71498,0.00238,0.69914,0.67641,0.00023,0.00083,
775486670000,0.67499,0.03132,0.01046,-0.02074,0.71429,0.01959,0.69927,0.70373,0.03498,0.00035,
775577670000,0.69857,0.24400,0.01392,-0.12319,0.70252,0.12041,0.69051,0.68778,0.24117,0.00632,
775686800000,0.77544,0.27082,0.01438,-0.12317,0.70264,0.12043,0.69038,0.71660,0.24870,0.00813,
775777730000,0.84316,0.29500,0.01517,-0.12307,0.70275,0.12057,0.69025,0.73072,0.25774,0.01050,
775886860000,0.92353,0.32389,0.01615,-0.12301,0.70276,0.12067,0.69025,0.74545,0.26482,0.00895,
775977790000,0.99216,0.34828,0.01736,-0.12296,0.70279,0.12067,0.69023,0.76063,0.26779,0.01050,
776086920000,1.07612,0.37842,0.01880,-0.12292,0.70281,0.12076,0.69019,0.77599,0.27806,0.01387,
776177850000,1.14788,0.40530,0.02025,-0.12287,0.70285,0.12084,0.69015,0.78954,0.27989,0.01233,
776287050000,1.23540,0.43674,0.02194,-0.12293,0.70287,0.12081,0.69012,0.80303,0.28486,0.00937,
776377980000,1.31099,0.46391,0.02313,-0.12320,0.70270,0.12075,0.69025,0.82320,0.28544,0.00871,
776487110000,1.40399,0.49665,0.02441,-0.12333,0.70260,0.12061,0.69036,0.86276,0.30748,0.00418,
776578040000,1.48628,0.52581,0.02561,-0.12348,0.70258,0.12055,0.69036,0.90101,0.31836,0.00120,
776687170000,1.58746,0.56231,0.02609,-0.12364,0.70264,0.12049,0.69028,0.93691,0.32739,0.00466,
776778100000,1.67592,0.59402,0.02849,-0.12380,0.70254,0.12033,0.69038,0.95924,0.33810,0.01572,
776887230000,1.78316,0.63298,0.03030,-0.12385,0.70245,0.12019,0.69049,0.99305,0.35673,0.01210,
776978230000,-1.54267,0.41405,0.12155,0.71340,-0.06984,-0.69394,-0.06798,-1.06191,0.19011,0.06796,
777087360000,0.21339,1.90992,0.12985,0.61982,-0.37890,-0.58501,-0.36059,-0.03013,1.05176,0.07431,
777178290000,0.38368,2.10772,0.11542,0.61201,-0.38543,-0.58329,-0.36967,0.06843,1.16224,0.06262,
777287420000,0.38461,2.20879,0.12033,0.61066,-0.38749,-0.58195,-0.37186,0.06490,1.16212,0.06516,
777378350000,0.35038,2.31628,0.12539,0.61500,-0.38045,-0.58606,-0.36547,0.03569,1.19546,0.05842,
777487480000,0.35350,2.43932,0.13278,0.61372,-0.38334,-0.58413,-0.36768,0.02643,1.22005,0.06696,
777578480000,0.33431,2.55142,0.13898,0.61596,-0.37958,-0.58639,-0.36422,0.01675,1.23707,0.08051,
777687610000,0.34842,2.67830,0.14801,0.61267,-0.38547,-0.58278,-0.36934,0.01061,1.25309,0.07729,
777778540000,0.37810,2.79016,0.15310,0.60888,-0.39068,-0.57986,-0.37470,0.01413,1.24526,0.08174,
777887670000,0.46187,2.91086,0.15791,0.59686,-0.40773,-0.56891,-0.39223,0.06299,1.24015,0.07855,
777978600000,0.47349,3.02532,0.16576,0.59615,-0.40865,-0.56814,-0.39349,0.07290,1.26221,0.06760,
778087730000,0.62204,3.13955,0.16805,0.57798,-0.43404,-0.55048,-0.41777,0.19037,1.25171,0.08301,
778178730000,0.63909,3.25430,0.17489,0.57828,-0.43395,-0.55030,-0.41768,0.21181,1.26550,0.08848,
778287860000,0.77020,3.36485,0.17860,0.56329,-0.45437,-0.53517,-0.43571,0.26815,1.25616,0.07360,
778378790000,0.81911,3.47251,0.18393,0.56057,-0.45791,-0.53231,-0.43901,0.27876,1.23804,0.07721,
778487920000,0.93665,3.57792,0.18580,0.54756,-0.47380,-0.51921,-0.45399,0.32979,1.23171,0.06610,
778578850000,0.97508,3.68839,0.19199,0.54723,-0.47453,-0.51845,-0.45450,0.34225,1.22967,0.07226,
778687980000,1.09245,3.78769,0.19512,0.53406,-0.48996,-0.50499,-0.46873,0.38924,1.22100,0.07393,
778778980000,1.11833,3.90453,0.20162,0.53574,-0.48839,-0.50661,-0.46669,0.37795,1.24952,0.06034,
778888110000,1.26064,3.99294,0.20236,0.51928,-0.50641,-0.49055,-0.48297,0.42334,1.21671,0.07090,
778979040000,1.26772,4.11642,0.21044,0.52360,-0.50152,-0.49486,-0.47900,0.40823,1.24239,0.07187,
779088170000,1.33852,4.23370,0.21489,0.51527,-0.50994,-0.48746,-0.48667,0.42605,1.24693,0.06684,
779179100000,1.38340,4.34643,0.22107,0.51509,-0.51012,-0.48694,-0.48718,0.43689,1.24369,0.07663,
779288230000,1.47955,4.44800,0.22247,0.50123,-0.52366,-0.47382,-0.50004,0.44645,1.24695,0.07749,
779379160000,1.53608,4.55319,0.22921,0.50011,-0.52481,-0.47261,-0.50111,0.45737,1.23413,0.09137,
779488360000,1.56446,4.68540,0.23609,-0.49341,0.53055,0.46702,0.50690,0.44099,1.26160,0.07165,
779579290000,1.63868,4.78112,0.23885,-0.48866,0.53536,0.46266,0.51043,0.46817,1.25566,0.06304,
779688420000,1.62645,4.93305,0.24566,-0.48645,0.53642,0.46175,0.51226,0.40381,1.26728,0.07839,
779779350000,1.70392,5.02888,0.24930,-0.48015,0.54233,0.45569,0.51737,0.44055,1.27408,0.07615,
779888480000,1.74042,5.13700,0.24731,-0.46496,0.55561,0.44155,0.52929,0.42573,1.25566,0.06953,
779979410000,1.74992,5.27129,0.25527,-0.46884,0.55221,0.44553,0.52607,0.40512,1.27706,0.06938,
780088540000,1.80107,5.40428,0.25408,-0.45567,0.56317,0.43322,0.53621,0.37943,1.28687,0.06871,
780179540000,1.82762,5.53025,0.26071,-0.45554,0.56304,0.43357,0.53618,0.35428,1.32089,0.06458,
780288670000,1.75280,5.76167,0.27163,-0.46397,0.55362,0.44474,0.52957,0.27268,1.38614,0.06168,
780379600000,1.85770,5.86158,0.27287,-0.45202,0.56385,0.43265,0.53904,0.32520,1.39429,0.06015,
780488730000,1.75089,6.08543,0.28357,-0.46459,0.55161,0.44675,0.52944,0.22266,1.45646,0.07242,
780579660000,1.91232,6.15482,0.28097,-0.44580,0.56803,0.42724,0.54413,0.29199,1.44142,0.07086,
780688790000,1.76493,6.40763,0.29547,-0.46505,0.55002,0.44851,0.52920,0.15384,1.51799,0.07578,
780779790000,1.79297,6.58178,0.30695,-0.46365,0.55004,0.44843,0.53047,0.16992,1.56160,0.07893,
780888920000,1.66546,6.82298,0.31960,-0.47817,0.53573,0.46478,0.51800,0.09065,1.62044,0.08353,
780979850000,1.64448,6.98924,0.32938,-0.48049,0.53341,0.46742,0.51586,0.06871,1.64660,0.07737,
781088980000,1.45936,7.19913,0.33682,-0.49724,0.51621,0.48565,0.50042,-0.10266,1.68335,0.06342,
781179910000,1.41325,7.37036,0.34679,-0.49975,0.51255,0.48899,0.49843,-0.15493,1.70410,0.08274,
781289040000,1.22755,7.57144,0.35657,0.51439,-0.49629,-0.50469,-0.48414,-0.23779,1.74833,0.07717,
781380040000,1.23552,7.74264,0.36379,0.51127,-0.49924,-0.50221,-0.48698,-0.21125,1.76588,0.08241,
781489170000,1.16201,7.94841,0.37348,0.51623,-0.49418,-0.50641,-0.48253,-0.25787,1.77402,0.10104,
781580100000,1.13814,8.11173,0.38236,0.51601,-0.49453,-0.50591,-0.48293,-0.27105,1.81447,0.07944,
781689230000,0.97733,8.31606,0.39149,0.52768,-0.48256,-0.51726,-0.47025,-0.35827,1.82391,0.08020,
781780160000,0.84577,8.49536,0.40136,0.53684,-0.47203,-0.52595,-0.46082,-0.44420,1.83566,0.09360,
781889290000,0.68089,8.69588,0.41291,0.54746,-0.45947,-0.53639,-0.44885,-0.55086,1.87484,0.08136,
781980290000,0.55248,8.86911,0.42238,0.55479,-0.44994,-0.54432,-0.43986,-0.62291,1.87269,0.09625,
782089420000,0.34481,9.04925,0.43591,0.56789,-0.43279,-0.55734,-0.42376,-0.74216,1.87654,0.09718,
782180350000,0.01725,9.13600,0.44886,0.59164,-0.39882,-0.58181,-0.39038,-0.96604,1.83317,0.08119,
782289480000,-0.42470,9.17014,0.46504,0.62254,-0.34841,-0.61244,-0.34054,-1.26123,1.68225,0.10039,
782380410000,-0.55396,9.37336,0.47434,0.62257,-0.34889,-0.61199,-0.34080,-1.28672,1.74766,0.10518,
782489540000,-1.51394,8.44775,0.51364,0.70469,-0.12334,-0.68865,-0.11815,-2.15836,0.57817,0.13272,
782580470000,-1.90433,8.55682,0.52879,0.70578,-0.11654,-0.68992,-0.11088,-2.39510,0.63850,0.14657,
782689670000,-2.30795,8.36119,0.56188,0.71393,-0.06983,-0.69378,-0.06410,-2.58513,0.37077,0.16165,
782780600000,-2.56804,8.47460,0.58399,0.71399,-0.07296,-0.69317,-0.06645,-2.65561,0.47424,0.17180,
782889730000,-2.69735,8.35268,0.60524,0.71521,-0.05348,-0.69523,-0.04777,-2.52382,0.27109,0.17783,
782980660000,-3.15356,8.31067,0.61048,0.71418,-0.03836,-0.69806,-0.03443,-2.79272,0.19919,0.16319,
783089790000,-3.44456,8.32913,0.63545,0.71564,-0.03261,-0.69714,-0.02822,-2.81227,0.21409,0.16976,
783180720000,-3.68652,8.55435,0.64483,0.71293,-0.05731,-0.69693,-0.05223,-2.85076,0.44541,0.15412,
783289850000,-4.10370,8.41936,0.66966,0.71457,-0.03533,-0.69799,-0.03084,-2.97618,0.24950,0.18479,
783380850000,-4.46228,8.22600,0.70501,0.71683,-0.02128,-0.69672,-0.01697,-3.07431,0.04673,0.21185,
783489980000,-4.84897,8.30783,0.74945,0.71940,-0.02273,-0.69403,-0.01629,-3.17929,0.18797,0.21685,
783580910000,-4.96334,8.72198,0.75147,0.71629,-0.05723,-0.69373,-0.04891,-3.03054,0.60616,0.20866,
783690040000,-5.49691,8.51093,0.79212,0.71981,-0.02346,-0.69357,-0.01676,-3.28713,0.30672,0.24511,
783780970000,-5.62522,8.79206,0.80250,0.71813,-0.04789,-0.69311,-0.03999,-3.17798,0.60901,0.21895,
783890100000,-6.08696,8.79719,0.82456,0.71719,-0.04128,-0.69482,-0.03417,-3.32922,0.56526,0.21735,
783981100000,-6.35776,8.86197,0.84292,0.71747,-0.04178,-0.69448,-0.03435,-3.30751,0.60592,0.22850,
784090230000,-6.90163,8.15725,0.92557,0.72269,0.03314,-0.68921,0.04000,-3.56005,-0.18580,0.27769,
784181160000,-6.66420,9.31797,0.88292,0.71471,-0.08152,-0.69108,-0.07031,-3.05187,0.98940,0.21493,
784290290000,-7.58785,8.76182,0.90562,0.71620,-0.02328,-0.69729,-0.01717,-3.65400,0.32241,0.22615,
784381220000,-7.52076,9.27458,0.90207,0.71331,-0.06625,-0.69524,-0.05864,-3.31461,0.81582,0.19793,
784490350000,-8.32017,8.68397,0.95512,0.71810,-0.00190,-0.69593,0.00325,-3.74385,0.15277,0.23768,
784581350000,-8.13734,9.48837,0.94218,0.71368,-0.06979,-0.69411,-0.06328,-3.32990,0.89453,0.21992,
784690480000,-8.30767,10.55775,0.92310,0.69657,-0.15605,-0.68377,-0.15133,-3.19322,1.76436,0.18046,
784781410000,-9.34854,8.76565,1.00741,0.71781,0.00955,-0.69605,0.01312,-3.88565,0.04463,0.22897,
784890540000,-9.22418,9.73441,0.99835,0.71221,-0.07183,-0.69516,-0.06588,-3.45451,0.94476,0.20639,
784981470000,-9.89385,10.31437,1.00356,0.70537,-0.11041,-0.69233,-0.10466,-3.76880,1.36835,0.21093,
785090600000,-10.19719,10.21773,1.02542,0.70803,-0.09561,-0.69396,-0.08929,-3.72839,1.15448,0.19310,
785181530000,-10.63655,10.13645,1.03796,0.71015,-0.07548,-0.69643,-0.07050,-3.87674,0.95576,0.18057,
785290730000,-11.17848,9.89941,1.07092,0.71393,-0.04437,-0.69768,-0.03975,-4.00766,0.63887,0.21212,
785381660000,-11.41859,10.09755,1.09056,0.71372,-0.05416,-0.69654,-0.05007,-3.93791,0.79559,0.20956,
785490790000,-12.08799,9.92787,1.13804,0.71705,-0.03405,-0.69560,-0.02874,-4.19366,0.59091,0.24047,
785581720000,-12.24013,10.03638,1.15540,0.71666,-0.04389,-0.69505,-0.03715,-3.99452,0.65986,0.24231,
785690850000,-12.66402,11.16483,1.15208,0.70373,-0.13155,-0.68701,-0.12436,-4.05006,1.74965,0.19865,
785781780000,-13.11882,11.24606,1.17062,0.70443,-0.12374,-0.68896,-0.11751,-4.16015,1.65657,0.21482,
785890980000,-13.65628,11.03612,1.19908,0.70924,-0.08897,-0.69414,-0.08501,-4.28199,1.26563,0.23119,
785981910000,-14.02539,10.73256,1.22956,0.71366,-0.05286,-0.69675,-0.04943,-4.29317,0.86588,0.22879,
786091040000,-14.36494,10.77732,1.25836,0.71465,-0.04752,-0.69653,-0.04312,-4.20398,0.88012,0.22110,
786181970000,-15.04926,10.84291,1.29709,0.71591,-0.04930,-0.69517,-0.04229,-4.51832,0.87588,0.26058,
786291100000,-15.20720,11.17175,1.31638,0.71376,-0.06957,-0.69410,-0.06261,-4.23404,1.08638,0.25929,
786382030000,-15.62810,11.27030,1.33341,0.71326,-0.06645,-0.69506,-0.06112,-4.31582,1.07131,0.24573,
786491160000,-16.44898,11.09447,1.38039,0.71657,-0.04342,-0.69505,-0.03925,-4.70460,0.79759,0.26082,
786582160000,-16.64555,11.12737,1.40192,0.71579,-0.04541,-0.69559,-0.04159,-4.53700,0.81257,0.25214,
786691290000,-17.28962,11.71654,1.41416,0.71164,-0.07701,-0.69455,-0.07238,-4.68396,1.30280,0.27104,
786782220000,-17.47385,11.62546,1.43389,0.71250,-0.06534,-0.69597,-0.06080,-4.52721,1.13275,0.26308,
786891350000,-18.32764,11.40831,1.47540,0.71436,-0.04335,-0.69738,-0.03834,-4.92508,0.82383,0.22422,
786982280000,-18.52490,11.46034,1.49422,0.71326,-0.04630,-0.69810,-0.04208,-4.72660,0.80154,0.24457,
787091410000,-18.66032,11.79303,1.50083,0.71165,-0.06086,-0.69751,-0.05773,-4.45013,1.00983,0.26792,
787182410000,-19.02546,11.84911,1.51397,0.71163,-0.05529,-0.69833,-0.05341,-4.47890,0.99958,0.25853,
787291540000,-19.50361,11.59743,1.54136,0.71269,-0.03371,-0.69995,-0.03176,-4.50374,0.75782,0.24590,
787382470000,-19.79646,11.46077,1.56200,0.71349,-0.02233,-0.70004,-0.01965,-4.43855,0.60802,0.25247,
787491600000,-20.15563,11.39373,1.58366,0.71370,-0.01539,-0.70019,-0.01169,-4.41813,0.50109,0.23865,
787582530000,-20.44729,11.22194,1.60150,0.71345,-0.00248,-0.70070,0.00039,-4.36263,0.30843,0.24744,
787691660000,-20.73576,11.49197,1.62416,0.71332,-0.01606,-0.70051,-0.01448,-4.26464,0.46264,0.23713,
787782660000,-21.85598,11.77538,1.61542,0.71210,-0.02868,-0.70093,-0.02821,-4.81706,0.62460,0.19541,
787891790000,-22.53244,11.83153,1.63390,0.71201,-0.02926,-0.70093,-0.02983,-4.95280,0.63893,0.21462,
787982720000,-22.62928,12.19960,1.65290,0.71078,-0.05200,-0.69950,-0.05279,-4.69725,0.91224,0.22220,
788091850000,-23.42031,12.32078,1.67666,0.71092,-0.05229,-0.69931,-0.05303,-4.97643,0.93145,0.19018,
788182780000,-23.75104,12.40220,1.69907,0.71106,-0.05284,-0.69913,-0.05305,-4.89238,0.94823,0.20892,
788291910000,-24.22094,12.51157,1.72462,0.71054,-0.05387,-0.69962,-0.05263,-4.86373,0.96982,0.23705,
788382840000,-24.64546,12.60741,1.74863,0.71006,-0.05470,-0.70005,-0.05247,-4.86996,0.97250,0.23930,
788492040000,-25.10531,12.38826,1.78106,0.71154,-0.03259,-0.70123,-0.03056,-4.81930,0.61011,0.24791,
788582970000,-25.55369,12.02347,1.81931,0.71334,0.00203,-0.70081,0.00295,-4.85861,0.17810,0.26211,
788692100000,-25.92250,12.19243,1.85528,0.71408,-0.00606,-0.70002,-0.00510,-4.72395,0.34127,0.26377,
788783030000,-26.34171,12.35092,1.88491,0.71446,-0.01336,-0.69943,-0.01260,-4.74041,0.48215,0.27917,
788892160000,-26.89812,12.46269,1.92064,0.71466,-0.01749,-0.69906,-0.01619,-4.83295,0.54617,0.27689,
788983090000,-27.36669,12.53550,1.95022,0.71465,-0.01964,-0.69897,-0.01836,-4.88660,0.56515,0.27902,
789092220000,-27.91312,12.61969,1.98361,0.71514,-0.02198,-0.69833,-0.02051,-4.92675,0.60498,0.29421,
789183220000,-28.37375,12.67677,2.01055,0.71519,-0.02299,-0.69822,-0.02160,-4.99006,0.59344,0.29645,
789292350000,-28.79301,12.76899,2.04177,0.71474,-0.02649,-0.69840,-0.02603,-4.90475,0.62720,0.28656,
789383280000,-29.14181,12.81973,2.06615,0.71463,-0.02649,-0.69850,-0.02663,-4.83156,0.61320,0.28188,
789492410000,-29.85403,12.69539,2.09527,0.71531,-0.01059,-0.69862,-0.01239,-5.04951,0.41994,0.28732,
789583340000,-30.29221,12.64926,2.12304,0.71592,-0.00481,-0.69813,-0.00666,-5.06177,0.35936,0.29738,
789692470000,-31.46273,12.65032,2.16604,0.71668,-0.01446,-0.69709,-0.01491,-5.71812,0.34610,0.32483,
789783470000,-31.74776,12.86503,2.18960,0.71557,-0.02890,-0.69737,-0.02824,-5.53654,0.51174,0.31372,
789892600000,-32.08087,13.14923,2.20963,0.71360,-0.03983,-0.69831,-0.03942,-5.35960,0.69311,0.28311,
789983530000,-32.55068,13.03918,2.23115,0.71310,-0.02596,-0.70005,-0.02716,-5.38384,0.51415,0.27558,
790092660000,-33.01364,13.02721,2.26283,0.71308,-0.02162,-0.70033,-0.02436,-5.28590,0.48224,0.29395,
790183590000,-33.46949,12.73431,2.29214,0.71387,0.00257,-0.70028,0.00002,-5.29992,0.19891,0.30419,
790292720000,-33.93659,12.71370,2.32879,0.71402,0.00839,-0.70005,0.00664,-5.24986,0.14352,0.30112,
790383720000,-34.32144,12.77998,2.35968,0.71397,0.00773,-0.70010,0.00693,-5.19317,0.18579,0.30192,
790492850000,-35.69710,13.23473,2.40464,0.71514,-0.03122,-0.69761,-0.03069,-5.91989,0.58324,0.30845,
790583780000,-35.79494,13.49786,2.42330,0.71307,-0.04172,-0.69861,-0.04154,-5.61222,0.77327,0.29851,
790692910000,-37.04263,12.95564,2.46320,0.71365,-0.01017,-0.70033,-0.01180,-6.19720,0.22778,0.31868,
790783840000,-37.32299,12.89812,2.48942,0.71317,-0.00887,-0.70086,-0.00998,-6.00595,0.21287,0.32936,
790892970000,-37.63887,13.05034,2.51370,0.71209,-0.01440,-0.70180,-0.01376,-5.76353,0.33054,0.32745,
790983970000,-38.03242,12.86145,2.53589,0.71158,-0.00031,-0.70260,0.00084,-5.70017,0.11669,0.30110,
791093100000,-38.52211,12.83292,2.56673,0.71167,0.00201,-0.70250,0.00325,-5.61397,0.05761,0.28843,
791184030000,-39.95570,12.29118,2.58764,0.71199,0.02075,-0.70157,0.02102,-6.43988,-0.45489,0.28271,
791293160000,-40.77031,12.23076,2.63077,0.71182,0.02153,-0.70175,0.01975,-6.61837,-0.47308,0.30474,
791384090000,-41.10907,12.16634,2.66993,0.71168,0.02137,-0.70189,0.01992,-6.43841,-0.47531,0.32340,
791493220000,-41.53084,12.23966,2.70680,0.71123,0.02124,-0.70236,0.01971,-6.26224,-0.34718,0.32011,
791584150000,-41.99604,12.27443,2.74077,0.71136,0.02082,-0.70221,0.02067,-6.18899,-0.25932,0.32628,
791693350000,-43.51976,11.97066,2.78054,0.71153,0.01994,-0.70205,0.02109,-7.11751,-0.56578,0.32959,
791784280000,-43.70264,11.95986,2.81421,0.71142,0.01899,-0.70219,0.02121,-6.70516,-0.55813,0.32779,
791893410000,-44.18282,12.00398,2.85116,0.71120,0.02005,-0.70240,0.02050,-6.50212,-0.49264,0.33566,
791984340000,-45.62045,11.77123,2.88764,0.71032,0.02065,-0.70329,0.02038,-7.43257,-0.67138,0.33648,
792093470000,-46.46563,11.72008,2.93038,0.70958,0.02095,-0.70403,0.01997,-7.48790,-0.63323,0.35821,
792184400000,-47.15893,11.67061,2.96731,0.70959,0.02073,-0.70402,0.02001,-7.55074,-0.60810,0.35530,
792293530000,-47.76732,11.58835,3.01769,0.70961,0.02050,-0.70399,0.02058,-7.36859,-0.65160,0.36056,
792384530000,-48.07031,11.61180,3.05286,0.70987,0.02054,-0.70374,0.02028,-7.03255,-0.58847,0.37359,
792493660000,-48.64586,11.65752,3.08951,0.71008,0.02121,-0.70352,0.01979,-6.86600,-0.49972,0.38166,
792584590000,-49.19428,11.69843,3.12043,0.71008,0.02220,-0.70348,0.02001,-6.82539,-0.39131,0.36506,
792693720000,-49.92520,11.70964,3.15419,0.70974,0.02246,-0.70378,0.02128,-6.84797,-0.32311,0.35286,
792784650000,-50.54594,11.70877,3.18455,0.70948,0.02297,-0.70400,0.02226,-6.87009,-0.31066,0.36345,
792893780000,-51.20607,11.67749,3.22756,0.70927,0.02388,-0.70413,0.02387,-6.80004,-0.33666,0.35706,
792984780000,-51.86539,11.66731,3.25243,0.70876,0.02482,-0.70456,0.02519,-6.86055,-0.35668,0.34922,
793093910000,-53.58152,11.28537,3.27598,0.70825,0.02595,-0.70499,0.02665,-7.85565,-0.73384,0.33926,
793184840000,-54.36114,11.19852,3.31864,0.70857,0.02748,-0.70454,0.02810,-7.95671,-0.77540,0.34984,
793293970000,-54.79734,11.12640,3.36848,0.70922,0.02957,-0.70370,0.03080,-7.54989,-0.78731,0.36689,
793384900000,-55.21308,11.14028,3.40587,0.70958,0.03197,-0.70312,0.03314,-7.28967,-0.73520,0.38404,
793494030000,-56.78561,10.91321,3.43923,0.70933,0.03573,-0.70301,0.03679,-8.10912,-0.96348,0.36988,
793585030000,-57.07566,10.85459,3.48330,0.70939,0.03982,-0.70256,0.03975,-7.67709,-0.99303,0.37028,
793694160000,-58.44443,10.68485,3.52019,0.70848,0.04538,-0.70290,0.04399,-8.25998,-1.10524,0.36730,
793785090000,-58.73516,10.61508,3.56471,0.70796,0.05006,-0.70281,0.04833,-7.81660,-1.08975,0.37271,
793894220000,-59.28659,10.59519,3.60477,0.70710,0.05595,-0.70279,0.05446,-7.51121,-1.01685,0.37259,
793985150000,-60.68541,10.42294,3.62324,0.70605,0.06116,-0.70303,0.05924,-8.23786,-1.15945,0.35674,
794094280000,-61.16090,10.30425,3.67528,0.70557,0.06737,-0.70246,0.06458,-7.78481,-1.17182,0.37267,
794185280000,-61.56335,10.28917,3.71155,0.70534,0.07254,-0.70169,0.06983,-7.46223,-1.09455,0.37581,
794294410000,-63.04616,10.12071,3.73259,0.70429,0.07888,-0.70130,0.07697,-8.12993,-1.17400,0.35612,
794385340000,-63.91765,9.89447,3.77632,0.70351,0.08435,-0.70075,0.08317,-8.24832,-1.36556,0.36868,
794494470000,-64.83834,9.71318,3.82008,0.70243,0.09198,-0.69998,0.09032,-8.25292,-1.45677,0.37429,
794585400000,-65.12217,9.59564,3.86670,0.70202,0.09855,-0.69864,0.09674,-7.76645,-1.47150,0.38466,
794694530000,-65.62079,9.54696,3.90359,0.70104,0.10661,-0.69733,0.10447,-7.39769,-1.39052,0.38126,
794785460000,-66.05214,9.55773,3.92872,0.70005,0.11353,-0.69620,0.11110,-7.12377,-1.29366,0.37749,
794894660000,-67.54631,9.39389,3.93594,0.69825,0.12232,-0.69518,0.11919,-7.82789,-1.35941,0.34777,
794985590000,-67.89528,9.23349,3.97914,0.69715,0.13008,-0.69368,0.12601,-7.47070,-1.43518,0.35814,
795094720000,-68.43215,9.14239,4.01658,0.69576,0.13890,-0.69181,0.13428,-7.20645,-1.41159,0.35355,
795185650000,-69.66933,8.97695,4.02771,0.69424,0.14636,-0.69040,0.14125,-7.80568,-1.48644,0.32811,
795294780000,-70.66107,8.65613,4.07466,0.69248,0.15530,-0.68824,0.15058,-7.98420,-1.70273,0.33261,
795385710000,-71.49397,8.43698,4.09415,0.69110,0.16258,-0.68611,0.15874,-8.11974,-1.79046,0.32108,
795494840000,-72.33384,8.26713,4.13557,0.68903,0.17196,-0.68357,0.16851,-8.11250,-1.83236,0.33031,
795585840000,-72.59535,8.08130,4.18028,0.68716,0.18026,-0.68103,0.17755,-7.65460,-1.94447,0.34914,
795694970000,-73.63940,7.97911,4.19041,0.68410,0.19056,-0.67820,0.18906,-7.87701,-1.95407,0.32389,
795785900000,-74.51375,7.75191,4.21254,0.68148,0.19949,-0.67550,0.19871,-8.03027,-2.02920,0.31476,
795895030000,-74.91808,7.48773,4.26330,0.67819,0.21156,-0.67163,0.21026,-7.56244,-2.20171,0.33009,
795985960000,-75.23344,7.37921,4.29124,0.67534,0.22142,-0.66821,0.21997,-7.20125,-2.19363,0.33407,
796095090000,-76.43656,7.26404,4.29986,0.67174,0.23312,-0.66384,0.23180,-7.62432,-2.15023,0.30845,
796186090000,-77.23880,6.93353,4.33407,0.66829,0.24305,-0.66021,0.24175,-7.73678,-2.36716,0.31416,
796295220000,-78.23626,6.70058,4.35745,0.66384,0.25474,-0.65587,0.25349,-7.87399,-2.35739,0.30261,
796386150000,-78.79872,6.33911,4.39741,0.65994,0.26548,-0.65187,0.26281,-7.67723,-2.66592,0.31527,
796495280000,-79.76194,6.21691,4.43849,0.65527,0.27746,-0.64702,0.27387,-7.80958,-2.45429,0.31982,
796586210000,-80.44349,5.91714,4.43928,0.65093,0.28743,-0.64293,0.28340,-7.75694,-2.57496,0.28729,
796695340000,-81.06461,5.48413,4.48216,0.64537,0.29928,-0.63808,0.29459,-7.48596,-2.88570,0.29818,
796786340000,-81.61574,5.27248,4.49855,0.64089,0.30887,-0.63388,0.30340,-7.31267,-2.91110,0.29044,
796895470000,-82.60147,5.10031,4.51557,0.63559,0.32038,-0.62868,0.31329,-7.47250,-2.71673,0.27333,
796986400000,-83.27077,4.80390,4.53790,0.63098,0.32992,-0.62411,0.32172,-7.43156,-2.80207,0.27160,
797095530000,-84.09699,4.54037,4.59865,0.62550,0.34083,-0.61845,0.33183,-7.43517,-2.79401,0.30586,
797186460000,-84.66651,4.20413,4.58618,0.62105,0.34959,-0.61361,0.33996,-7.29268,-2.91966,0.26787,
797295590000,-85.46567,3.95702,4.64773,0.61565,0.35928,-0.60807,0.34948,-7.29638,-2.88167,0.29761,
797386520000,-85.99811,3.60197,4.63381,0.61084,0.36708,-0.60358,0.35752,-7.12708,-3.02254,0.25812,
797495720000,-86.81699,3.41088,4.70145,0.60534,0.37587,-0.59816,0.36672,-7.14204,-2.92862,0.29664,
797586650000,-87.40966,3.08890,4.72064,0.60104,0.38293,-0.59354,0.37393,-7.05810,-3.02587,0.28757,
797695780000,-88.01141,2.65117,4.71077,0.59565,0.39144,-0.58819,0.38212,-6.83095,-3.20450,0.24931,
797786710000,-88.52980,2.37435,4.72937,0.59124,0.39834,-0.58378,0.38854,-6.69206,-3.23549,0.24802,
797895840000,-89.17369,2.03477,4.75241,0.58605,0.40616,-0.57865,0.39590,-6.56610,-3.27672,0.24550,
797986770000,-89.67642,1.74072,4.77152,0.58173,0.41234,-0.57447,0.40194,-6.43902,-3.32902,0.24362,
798095970000,-90.46898,1.51463,4.82896,0.57648,0.41939,-0.56943,0.40931,-6.51288,-3.26149,0.26901,
799896650000,-0.03003,-0.00259,-0.00106,0.71178,0.04417,-0.69980,0.04114,0.00296,-0.00651,0.00139,
799987650000,-0.04900,-0.10549,0.00699,0.60738,0.38580,-0.58802,0.36944,-0.04610,-0.09119,0.01604,
800096780000,-0.04575,-0.11901,0.00772,0.58503,0.41834,-0.56666,0.40203,-0.06192,-0.10142,0.02089,
800187710000,-0.13270,-0.05084,0.01337,0.71817,0.09089,-0.68491,0.08292,-0.13473,-0.01621,0.02024,
800296840000,-0.14857,-0.03534,0.01609,0.72789,0.03214,-0.68445,0.02596,-0.14140,-0.02143,0.01349,
800387770000,-0.16233,-0.04574,0.01635,0.72576,0.05441,-0.68421,0.04646,-0.13727,-0.05008,0.01369,
800496900000,-0.17785,-0.05174,0.01772,0.72624,0.05787,-0.68330,0.04828,-0.13334,-0.05274,0.02035,
800587830000,-0.19166,-0.03565,0.01895,0.72755,0.00396,-0.68604,-0.00290,-0.13478,-0.02110,0.02541,
800697030000,-0.20545,-0.04725,0.02088,0.72969,0.03369,-0.68255,0.02326,-0.17632,-0.03852,0.00200,
800787960000,-0.22147,-0.04089,0.01771,0.72725,0.01480,-0.68619,0.00567,-0.19085,0.00323,-0.01920,
800897090000,-0.23260,-0.01333,0.01655,0.72374,-0.05339,-0.68557,-0.05790,-0.08948,0.03622,0.01924,
800988020000,-0.23932,-0.04520,0.02068,0.72757,0.04686,-0.68349,0.03585,-0.06465,0.02222,0.05280,
801097150000,-0.24003,0.01547,0.02562,0.71816,-0.12942,-0.67141,-0.12925,-0.07514,0.04579,0.03640,
801188080000,-0.25539,0.01649,0.02817,0.72364,-0.11298,-0.67123,-0.11412,-0.09358,0.02562,0.02376,
801297280000,-0.27513,-0.02639,0.02946,0.72935,0.01906,-0.68381,0.00916,-0.08450,-0.01236,0.02629,
801388210000,-0.28645,-0.01109,0.03111,0.72884,-0.02743,-0.68323,-0.03524,-0.09469,0.01228,0.02124,
801497340000,-0.29906,-0.01666,0.03218,0.72910,-0.00467,-0.68426,-0.01345,-0.08114,0.02273,0.02267,
801588270000,-0.30815,-0.01439,0.03314,0.72970,-0.00808,-0.68354,-0.01582,-0.07095,0.01395,0.01435,
801697400000,-0.31784,-0.01137,0.03239,0.72961,-0.02090,-0.68299,-0.02750,-0.07267,-0.00897,-0.01281,
801788330000,-0.32692,-0.01140,0.03057,0.73023,-0.02838,-0.68172,-0.03486,-0.06634,-0.02589,-0.01346,
801897460000,-0.33791,-0.01683,0.02896,0.73085,-0.01941,-0.68174,-0.02670,-0.06136,-0.03337,-0.00047,
801988460000,-0.34688,-0.01745,0.02944,0.73131,-0.02091,-0.68115,-0.02813,-0.06225,-0.02039,0.00435,
802097590000,-0.35547,-0.01859,0.03041,0.73092,-0.02212,-0.68148,-0.02926,-0.02651,-0.03808,-0.00458,
802188520000,-0.35835,-0.01970,0.02964,0.73216,-0.02164,-0.68019,-0.02858,-0.00099,-0.02556,-0.02321,
802297650000,-0.36304,-0.01917,0.02919,0.73246,-0.02428,-0.67970,-0.03039,-0.04560,-0.01334,0.00507,
802388580000,-0.37082,-0.01669,0.03303,0.73109,-0.03100,-0.68064,-0.03576,-0.04551,-0.01922,0.03541,
802497710000,-0.37682,-0.01594,0.03839,0.72990,-0.04200,-0.68073,-0.04578,-0.00877,-0.05905,0.02023,
802588710000,-0.38006,-0.01580,0.04000,0.72817,-0.06050,-0.67978,-0.06329,0.00748,-0.06100,-0.00783,
802697840000,-0.38084,-0.01423,0.04068,0.72546,-0.09232,-0.67575,-0.09241,0.03370,-0.05498,-0.00536,
802788770000,-0.37992,-0.01315,0.04292,0.72143,-0.13017,-0.66819,-0.12694,0.05433,-0.06209,0.01023,
802897900000,-0.37536,-0.01873,0.04562,0.71912,-0.15345,-0.66166,-0.14673,0.06149,-0.08006,0.01359,
802988830000,-0.37236,-0.02661,0.04612,0.71978,-0.15135,-0.66200,-0.14411,0.06600,-0.10811,0.00618,
803097960000,-0.36918,-0.03519,0.04747,0.71828,-0.16379,-0.65823,-0.15483,0.06894,-0.12496,0.00523,
803188960000,-0.36289,-0.05134,0.04785,0.71906,-0.16231,-0.65810,-0.15335,0.05284,-0.15076,0.00069,
803298090000,-0.36506,-0.06501,0.04815,0.71810,-0.16758,-0.65674,-0.15792,0.01659,-0.16661,0.00087,
803389020000,-0.36322,-0.08309,0.04862,0.71832,-0.16702,-0.65688,-0.15691,0.00262,-0.19041,0.00400,
803498150000,-0.36764,-0.10272,0.04893,0.71905,-0.16133,-0.65881,-0.15137,-0.01396,-0.21970,0.00717,
803589080000,-0.36889,-0.12104,0.04925,0.71968,-0.15804,-0.65971,-0.14785,-0.03037,-0.23645,0.01153,
803698210000,-0.37528,-0.14599,0.05054,0.71999,-0.15478,-0.66099,-0.14407,-0.04069,-0.27025,0.01368,
803789140000,-0.38296,-0.17002,0.05307,0.71954,-0.15703,-0.66074,-0.14501,-0.04110,-0.31071,0.01041,
803898340000,-0.39311,-0.21384,0.05551,0.71987,-0.15810,-0.65999,-0.14558,-0.04947,-0.39143,0.00663,
803989270000,-0.40171,-0.25653,0.05679,0.72030,-0.15646,-0.66016,-0.14449,-0.06288,-0.43507,0.00411,
804098400000,-0.41231,-0.30727,0.05762,0.72081,-0.15315,-0.66100,-0.14161,-0.06448,-0.47521,0.00602,
804189330000,-0.42245,-0.35669,0.05939,0.72137,-0.15052,-0.66143,-0.13953,-0.07321,-0.51298,0.01032,
804298460000,-0.43370,-0.41927,0.06122,0.72221,-0.14569,-0.66264,-0.13455,-0.08812,-0.57726,0.01402,
804389390000,-0.44657,-0.48078,0.06392,0.72267,-0.14291,-0.66333,-0.13161,-0.09365,-0.64864,0.02138,
804498520000,-0.46309,-0.55860,0.06688,0.72375,-0.13659,-0.66461,-0.12579,-0.11707,-0.72560,0.01496,
804589520000,-0.48306,-0.62843,0.06888,0.72436,-0.13188,-0.66570,-0.12145,-0.14374,-0.78732,0.01328,
804698650000,-0.50908,-0.71922,0.07168,0.72532,-0.12522,-0.66695,-0.11580,-0.17598,-0.85373,0.02328,
804789580000,-0.53340,-0.79873,0.07513,0.72594,-0.12064,-0.66787,-0.11138,-0.20157,-0.90889,0.02690,
804898710000,-0.56283,-0.90723,0.07882,0.72723,-0.11209,-0.66921,-0.10363,-0.22496,-1.02020,0.02930,
804989640000,-0.59189,-1.00271,0.08211,0.72822,-0.10456,-0.67038,-0.09671,-0.26317,-1.09371,0.02468,
805098770000,-0.62564,-1.12869,0.08519,0.72916,-0.09354,-0.67235,-0.08673,-0.29345,-1.20532,0.03070,
805189770000,-0.65921,-1.24075,0.08884,0.72973,-0.08453,-0.67385,-0.07923,-0.30773,-1.27470,0.03509,
805298900000,-0.69980,-1.38642,0.09288,0.73080,-0.07275,-0.67524,-0.06853,-0.31881,-1.36601,0.03367,
805389830000,-0.73553,-1.51779,0.09564,0.73150,-0.06190,-0.67649,-0.05867,-0.34773,-1.45435,0.02594,
805498960000,-0.78201,-1.68557,0.09866,0.73201,-0.04934,-0.67782,-0.04792,-0.37007,-1.56124,0.03263,
805589890000,-0.82303,-1.83406,0.10226,0.73221,-0.03914,-0.67883,-0.03914,-0.37720,-1.64376,0.04071,
805699020000,-0.87082,-2.02253,0.10672,0.73242,-0.02573,-0.67983,-0.02686,-0.37054,-1.74425,0.03571,
805790020000,-0.90822,-2.18910,0.10939,0.73261,-0.01442,-0.68032,-0.01528,-0.37371,-1.84166,0.02502,
805899150000,-0.95511,-2.40784,0.11109,0.73251,-0.00017,-0.68075,-0.00099,-0.38147,-1.99654,0.01008,
805990080000,-1.00060,-2.59780,0.11247,0.73216,0.01081,-0.68098,0.00933,-0.38235,-2.11054,0.01219,
806099210000,-1.04555,-2.84612,0.11353,0.73145,0.02694,-0.68093,0.02436,-0.36884,-2.27430,0.01477,
806190140000,-1.08102,-3.06426,0.11443,0.73042,0.04133,-0.68076,0.03675,-0.34207,-2.39357,0.01359,
806299270000,-1.12079,-3.33886,0.11529,0.72935,0.05733,-0.67975,0.05204,-0.31324,-2.51823,0.00419,
806390270000,-1.15215,-3.58145,0.11503,0.72790,0.07168,-0.67875,0.06570,-0.29356,-2.66133,-0.00170,
806499400000,-1.18252,-3.89039,0.11389,0.72566,0.08973,-0.67729,0.08151,-0.25295,-2.82980,-0.00832,
806590330000,-1.20089,-4.16074,0.11217,0.72331,0.10519,-0.67584,0.09485,-0.20758,-2.94000,-0.01308,
806699460000,-1.21478,-4.49614,0.11012,0.72039,0.12290,-0.67355,0.11078,-0.13644,-3.04028,-0.01178,
806790390000,-1.21286,-4.78765,0.10708,0.71723,0.13916,-0.67106,0.12606,-0.06348,-3.15766,-0.02397,
806899520000,-1.19702,-5.15435,0.10088,0.71268,0.15905,-0.66797,0.14354,0.03423,-3.30581,-0.04527,
806990450000,-1.17421,-5.46907,0.09430,0.70872,0.17537,-0.66493,0.15760,0.12274,-3.39204,-0.05274,
807099650000,-1.12684,-5.85876,0.08535,0.70381,0.19536,-0.66014,0.17524,0.21754,-3.49144,-0.05596,
807190580000,-1.08374,-6.18675,0.07704,0.69915,0.21059,-0.65640,0.18970,0.27306,-3.57536,-0.07021,
807299710000,-1.01196,-6.59287,0.06522,0.69250,0.22971,-0.65128,0.20859,0.37913,-3.71936,-0.08314,
807390640000,-0.93668,-6.94381,0.05305,0.68635,0.24654,-0.64619,0.22490,0.47251,-3.83334,-0.09646,
807499770000,-0.85662,-7.37697,0.03945,0.67990,0.26263,-0.64083,0.24103,0.57032,-3.97973,-0.10834,
807590700000,-0.75033,-7.74752,0.02530,0.67266,0.28037,-0.63449,0.25758,0.70191,-4.10790,-0.11462,
807699830000,-0.57426,-8.20339,0.00543,0.66180,0.30530,-0.62479,0.28008,0.89527,-4.24669,-0.12678,
807790830000,-0.38820,-8.58853,-0.01428,0.65097,0.32811,-0.61484,0.30092,1.07738,-4.33166,-0.14541,
807899960000,-0.08167,-9.04775,-0.04413,0.63374,0.36133,-0.59825,0.33152,1.35711,-4.43002,-0.16678,
807990890000,0.07843,-9.44897,-0.06271,0.62587,0.37466,-0.59130,0.34393,1.46061,-4.53321,-0.17985,
808100020000,0.36260,-9.93008,-0.09254,0.61145,0.39851,-0.57800,0.36501,1.70526,-4.62043,-0.20199,
808190950000,0.70425,-10.31535,-0.12721,0.59357,0.42625,-0.56032,0.38990,1.98661,-4.65752,-0.23358,
808300080000,1.09172,-10.78927,-0.16829,0.57520,0.45223,-0.54207,0.41327,2.25826,-4.73599,-0.26394,
808391080000,1.56150,-11.14723,-0.21716,0.55041,0.48462,-0.51730,0.44113,2.61157,-4.74585,-0.29439,
808500210000,2.01870,-11.61990,-0.26823,0.53094,0.50776,-0.49806,0.46066,2.89118,-4.78947,-0.32346,
808591140000,2.41329,-12.02527,-0.31447,0.51545,0.52500,-0.48257,0.47520,3.10994,-4.84100,-0.35247,
808700270000,2.85261,-12.54930,-0.36546,0.50226,0.53866,-0.46994,0.48655,3.33286,-4.92382,-0.37497,
808791200000,3.23113,-13.00137,-0.41089,0.49264,0.54872,-0.45995,0.49463,3.50462,-5.00608,-0.39621,
808900330000,3.75025,-13.48784,-0.47426,0.47551,0.56569,-0.44247,0.50805,3.77047,-5.04055,-0.43264,
808991330000,4.15560,-13.97820,-0.51901,0.46862,0.57215,-0.43531,0.51337,3.92175,-5.15454,-0.44826,
809100460000,4.60793,-14.52964,-0.57164,0.46209,0.57796,-0.42892,0.51814,4.05544,-5.25715,-0.46626,
809191390000,5.20464,-14.91122,-0.64949,0.43883,0.59907,-0.40517,0.53326,4.37720,-5.25570,-0.51278,
809300520000,5.75910,-15.49109,-0.72192,0.42880,0.60792,-0.39481,0.53915,4.57019,-5.36257,-0.53935,
809391450000,6.14814,-16.03424,-0.77204,0.42952,0.60768,-0.39526,0.53853,4.64386,-5.51369,-0.55186,
809500580000,6.77056,-16.59779,-0.84665,0.41864,0.61656,-0.38426,0.54492,4.87353,-5.59654,-0.58000,
809591580000,7.22385,-17.10415,-0.89938,0.41696,0.61805,-0.38234,0.54588,4.97656,-5.68846,-0.59199,
809700710000,7.90678,-17.72011,-0.97408,0.40927,0.62381,-0.37472,0.55040,5.22920,-5.82672,-0.61709,
809791640000,8.30917,-18.39072,-1.00442,0.41686,0.61679,-0.38365,0.54646,5.30977,-6.05403,-0.61057,
809900770000,9.09595,-18.95022,-1.10639,0.40319,0.62836,-0.36958,0.55319,5.61249,-6.11741,-0.65119,
809991700000,9.47286,-19.66056,-1.13570,0.41214,0.62056,-0.37941,0.54872,5.63105,-6.34198,-0.64257,
810100830000,10.31857,-20.23769,-1.23532,0.39995,0.63058,-0.36667,0.55494,5.93902,-6.40572,-0.67475,
810191760000,10.71220,-20.96649,-1.26397,0.40864,0.62294,-0.37656,0.55061,5.93811,-6.61642,-0.66561,
810300960000,11.61881,-21.55704,-1.37545,0.39650,0.63272,-0.36402,0.55673,6.26579,-6.67975,-0.71935,
810391890000,12.18818,-22.16653,-1.43989,0.39652,0.63241,-0.36451,0.55673,6.38329,-6.80343,-0.72914,
810501020000,12.93071,-22.78856,-1.56036,0.38616,0.64162,-0.35307,0.56085,6.57358,-6.86469,-0.75750,
810591950000,13.49638,-23.60938,-1.57491,0.39646,0.63190,-0.36507,0.55701,6.69410,-7.06945,-0.73784,
810701080000,14.42070,-24.15660,-1.71800,0.38205,0.64418,-0.34916,0.56317,6.95606,-7.09907,-0.79367,
810792010000,14.87055,-24.99656,-1.73471,0.39321,0.63449,-0.36162,0.55860,6.98526,-7.28887,-0.76822,
810901140000,15.82605,-25.66051,-1.84630,0.38516,0.64082,-0.35301,0.56248,7.25717,-7.36767,-0.81000,
810992140000,16.45591,-26.40207,-1.92361,0.38738,0.63946,-0.35509,0.56120,7.36463,-7.53434,-0.83745,
811101270000,17.42003,-27.04634,-2.03532,0.37558,0.64868,-0.34313,0.56605,7.59070,-7.58281,-0.86599,
811192200000,17.99691,-27.87004,-2.10213,0.38408,0.64285,-0.35152,0.56183,7.67164,-7.74872,-0.86559,
811301330000,19.04805,-28.57265,-2.20821,0.37412,0.65042,-0.34068,0.56650,7.94659,-7.79914,-0.88881,
811392260000,19.67399,-29.39344,-2.28251,0.38259,0.64508,-0.34800,0.56250,8.03865,-7.95805,-0.89742,
811501390000,20.55352,-30.17176,-2.38017,0.38244,0.64511,-0.34719,0.56306,8.16898,-8.03760,-0.90155,
811592390000,21.29432,-30.89083,-2.46277,0.38275,0.64467,-0.34775,0.56300,8.29241,-8.15329,-0.93522,
811701520000,22.35924,-31.69439,-2.55850,0.37677,0.64806,-0.34300,0.56605,8.56099,-8.23438,-0.94760,
811792450000,23.13076,-32.37964,-2.64220,0.37686,0.64785,-0.34348,0.56594,8.68269,-8.29320,-0.94770,
811901580000,24.20181,-33.23180,-2.74310,0.37326,0.65012,-0.33982,0.56793,8.92836,-8.39604,-0.97690,
811992510000,24.99899,-33.94309,-2.83076,0.37367,0.65019,-0.34026,0.56732,9.04835,-8.48605,-0.99361,
812101640000,25.96768,-34.81583,-2.93677,0.37309,0.65078,-0.34005,0.56714,9.18904,-8.57108,-0.99096,
812192640000,26.79088,-35.56352,-3.02257,0.37296,0.65077,-0.34050,0.56697,9.29460,-8.67182,-1.00564,
812301770000,28.34132,-36.51896,-3.13187,0.35635,0.66127,-0.32620,0.57388,9.74474,-8.82011,-1.01457,
812392700000,29.05543,-37.43693,-3.23705,0.36518,0.65564,-0.33483,0.56980,9.79611,-8.98060,-1.04114,
812501830000,30.10737,-38.37293,-3.35079,0.36339,0.65588,-0.33497,0.57058,9.95079,-9.08205,-1.07188,
812592760000,30.98027,-39.14145,-3.44527,0.36387,0.65544,-0.33529,0.57059,10.07999,-9.13499,-1.09227,
812701890000,32.40457,-40.49256,-3.59439,0.35428,0.66348,-0.32526,0.57314,10.37458,-9.53267,-1.12625,
812792820000,33.14492,-41.39308,-3.69970,0.36404,0.65718,-0.33402,0.56923,10.45440,-9.62455,-1.12887,
812902020000,34.28549,-42.32922,-3.81480,0.36316,0.65774,-0.33342,0.56950,10.61507,-9.71388,-1.14703,
812992950000,35.31266,-43.08875,-3.90745,0.36184,0.65860,-0.33289,0.56965,10.76793,-9.74926,-1.16280,
813102080000,36.52534,-44.04368,-4.02717,0.35871,0.65984,-0.33151,0.57100,10.92325,-9.82428,-1.18347,
813193010000,37.57908,-44.83782,-4.12414,0.35733,0.66014,-0.33081,0.57192,11.11509,-9.85703,-1.18485,
813302140000,38.75613,-45.92433,-4.25338,0.35756,0.66004,-0.33142,0.57154,11.25875,-10.00578,-1.20561,
813393070000,39.82477,-46.70916,-4.35418,0.35213,0.66300,-0.32738,0.57381,11.41752,-10.03747,-1.21712,
813502200000,41.06289,-47.60457,-4.46966,0.34459,0.66735,-0.32088,0.57700,11.56806,-10.04908,-1.22371,
813593200000,42.08065,-48.34150,-4.55988,0.33789,0.67097,-0.31495,0.58003,11.69440,-10.01644,-1.21361,
813702330000,43.30256,-49.27940,-4.66997,0.33145,0.67466,-0.30891,0.58271,11.83246,-10.03790,-1.21978,
813793260000,44.32818,-50.10966,-4.77601,0.33015,0.67590,-0.30776,0.58261,11.92394,-10.07220,-1.23475,
813902390000,45.65872,-51.05512,-4.88602,0.32365,0.67906,-0.30161,0.58580,12.07059,-10.04978,-1.21311,
814011520000,47.02764,-51.97529,-4.99947,0.31704,0.68148,-0.29647,0.58922,12.28200,-10.02326,-1.23514,
814084320000,47.95955,-52.61173,-5.08002,0.31485,0.68224,-0.29509,0.59020,12.43682,-10.00068,-1.23512,
814175250000,49.50850,-53.34687,-5.15911,0.29865,0.68942,-0.28138,0.59694,12.99471,-9.90013,-1.20221,
814284380000,50.77663,-54.33177,-5.29870,0.29974,0.68905,-0.28184,0.59660,13.04106,-9.90938,-1.22935,
814375310000,51.95717,-55.15588,-5.40650,0.29885,0.68924,-0.28087,0.59729,13.15591,-9.94789,-1.25215,
814466240000,53.16169,-55.97217,-5.51341,0.29681,0.68951,-0.27982,0.59848,13.28251,-9.94607,-1.24365,
814557240000,54.46214,-56.60240,-5.60193,0.28958,0.69145,-0.27374,0.60258,13.50994,-9.75257,-1.23042,
814666370000,55.94267,-57.46235,-5.71972,0.28340,0.69371,-0.26886,0.60511,13.69156,-9.64280,-1.23750,
814757300000,57.18057,-58.24214,-5.82340,0.28163,0.69434,-0.26698,0.60605,13.81620,-9.61739,-1.24238,
814848230000,58.45398,-59.00557,-5.92532,0.27944,0.69516,-0.26463,0.60716,13.96668,-9.59728,-1.24590,
814939160000,59.72667,-59.84902,-6.03567,0.27889,0.69582,-0.26362,0.60709,14.11301,-9.64629,-1.26070,
815048290000,61.29643,-60.67011,-6.15152,0.27331,0.69883,-0.25804,0.60856,14.30786,-9.56330,-1.28843,
815139290000,62.59306,-61.43304,-6.25694,0.27133,0.70007,-0.25643,0.60871,14.41764,-9.55283,-1.26721,
815230220000,64.04144,-61.92776,-6.33041,0.26429,0.70228,-0.25002,0.61191,14.63011,-9.30875,-1.22195,
815321150000,65.37043,-62.65941,-6.43093,0.26242,0.70269,-0.24839,0.61292,14.77478,-9.30970,-1.25055,
815430280000,67.32708,-63.55241,-6.53587,0.25442,0.70625,-0.24189,0.61479,15.20528,-9.32404,-1.26798,
815521210000,68.66339,-64.33560,-6.64458,0.25382,0.70642,-0.24226,0.61470,15.30756,-9.34255,-1.25598,
815612210000,70.22997,-64.69446,-6.71793,0.24727,0.70785,-0.23693,0.61779,15.56867,-9.02480,-1.23079,
815703140000,71.69340,-65.33794,-6.81337,0.24392,0.70907,-0.23491,0.61850,15.74898,-8.96681,-1.25356,
815794070000,73.11948,-66.03787,-6.91721,0.24151,0.71021,-0.23400,0.61848,15.86838,-8.94231,-1.24891,
815903200000,74.62131,-67.11531,-7.07052,0.24291,0.71040,-0.23632,0.61683,15.87860,-9.09898,-1.26676,
815994130000,75.87980,-68.03519,-7.19794,0.24409,0.71077,-0.23787,0.61534,15.89550,-9.23243,-1.29189,
816085130000,77.18044,-68.95798,-7.32339,0.24508,0.71114,-0.23869,0.61420,15.90926,-9.37117,-1.31249,
816176060000,78.53688,-69.85958,-7.44566,0.24552,0.71150,-0.23931,0.61337,15.97450,-9.49730,-1.34521,
816285190000,80.21479,-70.93391,-7.59258,0.24585,0.71201,-0.23938,0.61261,16.07097,-9.60039,-1.37309,
816376120000,81.63979,-71.80392,-7.71365,0.24538,0.71204,-0.23813,0.61325,16.17365,-9.67807,-1.38744,
816467050000,83.11853,-72.63703,-7.82869,0.24367,0.71258,-0.23663,0.61389,16.33738,-9.72345,-1.38388,
816558050000,84.61350,-73.47042,-7.94393,0.24242,0.71377,-0.23537,0.61348,16.49549,-9.73130,-1.36411,
816667180000,86.42368,-74.47832,-8.08161,0.24086,0.71464,-0.23362,0.61376,16.65434,-9.76297,-1.38208,
816758110000,87.96885,-75.28033,-8.19274,0.23838,0.71531,-0.23142,0.61477,16.80972,-9.75615,-1.39982,
816849040000,89.63032,-75.90531,-8.27791,0.23207,0.71661,-0.22598,0.61770,17.04826,-9.58087,-1.35416,
816939970000,91.19421,-76.69767,-8.38996,0.23031,0.71671,-0.22469,0.61871,17.20356,-9.56692,-1.35581,
817049170000,93.07382,-77.68257,-8.52952,0.22847,0.71695,-0.22297,0.61974,17.38519,-9.58405,-1.37824,
817140100000,94.67434,-78.47305,-8.64245,0.22665,0.71730,-0.22093,0.62072,17.53803,-9.57318,-1.38000,
817231030000,96.26256,-79.29574,-8.75947,0.22509,0.71742,-0.21974,0.62157,17.66093,-9.61274,-1.37661,
817321960000,97.78951,-80.22881,-8.88993,0.22495,0.71748,-0.22006,0.62145,17.75715,-9.72541,-1.40171,
817412890000,99.34555,-81.19113,-9.02007,0.22407,0.71826,-0.21918,0.62117,17.84197,-9.85347,-1.41806,
817522090000,101.22179,-82.39395,-9.18539,0.22397,0.71838,-0.21909,0.62110,17.92757,-10.02805,-1.43485,
817613020000,102.89897,-83.22734,-9.29880,0.22186,0.71871,-0.21645,0.62240,18.11060,-10.02208,-1.44312,
817703950000,104.55355,-84.12702,-9.42500,0.22046,0.71921,-0.21508,0.62279,18.25430,-10.08003,-1.45745,
817794880000,106.19177,-85.03736,-9.55585,0.21974,0.71950,-0.21451,0.62291,18.36859,-10.13257,-1.46527,
817904010000,108.17435,-86.14561,-9.71354,0.21904,0.71964,-0.21401,0.62317,18.51326,-10.21576,-1.47853,
817995010000,109.87591,-87.02365,-9.83787,0.21767,0.72007,-0.21289,0.62354,18.66755,-10.22348,-1.48355,
818085940000,111.58368,-87.90468,-9.96272,0.21608,0.72048,-0.21172,0.62401,18.80418,-10.23683,-1.48091,
818176870000,113.36210,-88.68972,-10.07200,0.21223,0.72140,-0.20809,0.62549,19.01602,-10.14271,-1.47397,
818286000000,115.42301,-89.78153,-10.23097,0.21014,0.72231,-0.20638,0.62571,19.16424,-10.22963,-1.49283,
818376930000,117.14669,-90.69503,-10.36251,0.20909,0.72251,-0.20624,0.62588,19.30571,-10.28279,-1.50595,
818467930000,119.36135,-92.39782,-10.56416,0.21180,0.72314,-0.20833,0.62354,19.86968,-11.02795,-1.57586,
818558860000,121.03080,-93.55194,-10.71934,0.21374,0.72297,-0.21068,0.62229,19.91023,-11.22057,-1.58843,
818667990000,123.16434,-94.81129,-10.91151,0.21475,0.72294,-0.21089,0.62190,20.06241,-11.31037,-1.61948,
818758920000,124.97377,-95.83443,-11.06661,0.21498,0.72299,-0.21080,0.62179,20.19944,-11.39265,-1.65598,
818849850000,126.83617,-96.78332,-11.20401,0.21338,0.72338,-0.20969,0.62227,20.36840,-11.38901,-1.66034,
818940850000,128.68462,-97.77599,-11.35138,0.21235,0.72382,-0.20904,0.62233,20.51698,-11.43629,-1.67212,
819031780000,130.62138,-98.62532,-11.47223,0.20945,0.72467,-0.20707,0.62299,20.72429,-11.33951,-1.67063,
819140910000,132.91505,-99.71010,-11.63316,0.20695,0.72550,-0.20464,0.62365,20.92257,-11.25589,-1.67219,
819231840000,134.81347,-100.69006,-11.77607,0.20629,0.72579,-0.20307,0.62404,21.08575,-11.27979,-1.68984,
819322770000,136.71203,-101.60931,-11.92008,0.20418,0.72699,-0.20040,0.62421,21.23490,-11.27654,-1.70949,
819413770000,138.44018,-102.84725,-12.11414,0.20533,0.72781,-0.20121,0.62261,21.22861,-11.55270,-1.74740,
819522900000,140.61860,-104.27413,-12.32287,0.20563,0.72825,-0.20183,0.62180,21.28312,-11.81211,-1.77069,
819613830000,142.47882,-105.39327,-12.48431,0.20560,0.72829,-0.20267,0.62149,21.37928,-11.91716,-1.78567,
819704760000,145.01583,-106.77490,-12.63380,0.20272,0.72905,-0.20014,0.62236,22.02492,-12.23686,-1.79127,
819795690000,146.85658,-107.97003,-12.82877,0.20485,0.72882,-0.20194,0.62135,22.06252,-12.35917,-1.83632,
819904820000,149.21906,-109.25244,-13.02871,0.20467,0.72895,-0.20126,0.62148,22.21326,-12.39219,-1.85678,
819995820000,151.19381,-110.37782,-13.19361,0.20410,0.72921,-0.20184,0.62117,22.32030,-12.49130,-1.86716,
820086750000,153.26215,-111.31109,-13.32968,0.20110,0.72964,-0.20007,0.62223,22.49163,-12.34982,-1.84194,
820177680000,155.28638,-112.29842,-13.47700,0.19920,0.72979,-0.19872,0.62309,22.64036,-12.29588,-1.85312,
820286810000,157.74627,-113.47829,-13.65119,0.19674,0.73042,-0.19649,0.62383,22.83184,-12.20720,-1.85230,
820377740000,159.79926,-114.54749,-13.80955,0.19648,0.73058,-0.19522,0.62413,22.95871,-12.23587,-1.85700,
820468740000,161.88827,-115.46189,-13.93962,0.19376,0.73093,-0.19265,0.62537,23.10516,-12.18228,-1.85146,
820559670000,163.95686,-116.52949,-14.09812,0.19257,0.73111,-0.19268,0.62551,23.24044,-12.23024,-1.86506,
820650600000,166.06876,-117.41968,-14.22732,0.18960,0.73169,-0.19042,0.62644,23.40548,-12.09954,-1.85316,
820759730000,168.52862,-118.62275,-14.41529,0.18851,0.73217,-0.18802,0.62693,23.54758,-12.05393,-1.87291,
820850660000,170.61540,-119.53733,-14.55174,0.18675,0.73274,-0.18497,0.62770,23.66298,-12.00051,-1.86476,
820941660000,173.00603,-121.58672,-14.81881,0.18989,0.73255,-0.18692,0.62640,23.97093,-12.77883,-1.92831,
821032590000,174.94458,-122.81544,-15.02259,0.19112,0.73256,-0.18836,0.62557,23.96062,-12.92243,-1.96268,
821141720000,177.40323,-124.22205,-15.24747,0.19051,0.73301,-0.18906,0.62502,24.06367,-12.98758,-2.00629,
821232650000,179.48902,-125.42651,-15.42917,0.19061,0.73347,-0.18929,0.62439,24.15005,-13.04434,-2.01789,
821323580000,181.59969,-126.63028,-15.61098,0.19081,0.73374,-0.18888,0.62414,24.25155,-13.10569,-2.03799,
821414580000,183.76521,-127.86642,-15.79647,0.19119,0.73424,-0.18836,0.62358,24.36383,-13.22263,-2.05094,
821523710000,186.34147,-129.34861,-16.01694,0.19153,0.73443,-0.18849,0.62322,24.46439,-13.34181,-2.04852,
821614640000,188.46533,-130.60749,-16.18720,0.19165,0.73438,-0.18857,0.62321,24.52435,-13.44296,-2.05040,
821705570000,190.64300,-131.78690,-16.35085,0.19062,0.73468,-0.18770,0.62344,24.61925,-13.45565,-2.04324,
821796570000,192.83479,-133.02609,-16.53135,0.19037,0.73486,-0.18777,0.62328,24.71462,-13.53185,-2.05789,
821905700000,195.49841,-134.45555,-16.73621,0.18867,0.73517,-0.18676,0.62374,24.84151,-13.56065,-2.05920,
821996630000,197.70969,-135.65542,-16.90613,0.18719,0.73512,-0.18629,0.62438,24.92932,-13.57809,-2.05105,
822087560000,199.93979,-136.83717,-17.07370,0.18572,0.73498,-0.18559,0.62519,25.04634,-13.56765,-2.05000,
822178490000,202.17968,-138.01036,-17.24460,0.18425,0.73530,-0.18467,0.62553,25.17474,-13.55889,-2.05809,
822269490000,204.44120,-139.22761,-17.42394,0.18342,0.73569,-0.18385,0.62555,25.29589,-13.58298,-2.05544,
822378620000,207.17942,-140.69215,-17.64125,0.18265,0.73595,-0.18240,0.62589,25.46396,-13.63019,-2.06491,
822469550000,209.46893,-141.91631,-17.82208,0.18179,0.73642,-0.18110,0.62597,25.60821,-13.67599,-2.08650,
822560480000,211.74686,-143.10757,-17.98677,0.18026,0.73672,-0.17918,0.62662,25.71472,-13.68154,-2.07738,
822651410000,214.02686,-144.29789,-18.15597,0.17847,0.73681,-0.17748,0.62750,25.82691,-13.69787,-2.07840,
822760540000,216.78298,-145.75984,-18.36656,0.17672,0.73707,-0.17578,0.62817,25.98772,-13.72640,-2.08907,
822851540000,219.11685,-146.99071,-18.54935,0.17537,0.73742,-0.17379,0.62870,26.13309,-13.75616,-2.09827,
822942470000,221.46011,-148.23196,-18.73081,0.17393,0.73785,-0.17187,0.62911,26.28838,-13.81265,-2.10940,
823033400000,223.81715,-149.47126,-18.91462,0.17213,0.73838,-0.17017,0.62945,26.41940,-13.86821,-2.11105,
823142530000,226.65170,-150.99711,-19.13744,0.16986,0.73872,-0.16869,0.63007,26.58243,-13.95905,-2.12534,
823233460000,229.01950,-152.28433,-19.32175,0.16802,0.73915,-0.16767,0.63033,26.72533,-14.03033,-2.14777,
823324460000,231.42131,-153.54915,-19.50585,0.16623,0.73973,-0.16609,0.63055,26.88180,-14.04681,-2.15905,
823415390000,233.83104,-154.83034,-19.69396,0.16492,0.74015,-0.16412,0.63090,27.02164,-14.10097,-2.16296,
823524520000,236.68792,-156.38647,-19.91479,0.16303,0.74077,-0.16225,0.63115,27.15759,-14.20257,-2.17102,
823615450000,239.02491,-157.80056,-20.11063,0.16244,0.74108,-0.16187,0.63104,27.22004,-14.36087,-2.18139,
823706380000,241.35615,-159.35852,-20.32612,0.16325,0.74104,-0.16250,0.63071,27.28379,-14.60366,-2.21118,
823797380000,243.78089,-160.74901,-20.53044,0.16188,0.74137,-0.16132,0.63098,27.42794,-14.70674,-2.23699,
823906510000,246.68725,-162.54606,-20.77902,0.16140,0.74192,-0.16090,0.63057,27.58062,-14.92217,-2.27597,
823997440000,249.15556,-163.94041,-20.98413,0.15993,0.74249,-0.15981,0.63055,27.71180,-15.01817,-2.29322,
824088370000,251.65045,-165.31747,-21.18438,0.15767,0.74273,-0.15874,0.63111,27.86349,-15.09225,-2.30713,
824179300000,254.15236,-166.70263,-21.36935,0.15565,0.74288,-0.15770,0.63169,28.02660,-15.13872,-2.30870,
824270300000,256.67163,-168.09485,-21.56839,0.15434,0.74350,-0.15612,0.63167,28.20153,-15.16714,-2.31930,
824379430000,259.72374,-169.77264,-21.82030,0.15295,0.74465,-0.15317,0.63138,28.40614,-15.22930,-2.34414,
824470360000,262.27085,-171.20050,-22.03096,0.15180,0.74543,-0.15095,0.63127,28.54028,-15.33813,-2.35123,
824561290000,264.71807,-172.93864,-22.26539,0.15364,0.74560,-0.15197,0.63038,28.59640,-15.69735,-2.38956,
824652220000,267.24833,-174.59647,-22.49623,0.15453,0.74584,-0.15282,0.62968,28.69985,-15.97358,-2.42214,
824761350000,270.34710,-176.71667,-22.79997,0.15632,0.74578,-0.15495,0.62878,28.88312,-16.36600,-2.47490,
824852350000,272.97678,-178.45606,-23.05017,0.15797,0.74579,-0.15627,0.62803,29.06302,-16.65375,-2.51915,
824943280000,275.87753,-180.48554,-23.33620,0.16194,0.74554,-0.15943,0.62652,29.49011,-17.23272,-2.59132,
825034210000,278.64571,-182.09539,-23.60693,0.16198,0.74614,-0.15922,0.62584,29.74488,-17.34968,-2.63987,
825143340000,282.30377,-184.67715,-23.99791,0.16708,0.74591,-0.16366,0.62364,30.30523,-18.07564,-2.75391,
825234270000,285.04935,-186.36848,-24.26446,0.16784,0.74597,-0.16433,0.62318,30.47020,-18.18557,-2.79466,
825325270000,287.85813,-188.05896,-24.54935,0.16890,0.74618,-0.16470,0.62254,30.68610,-18.29251,-2.85494,
825416200000,290.64624,-189.74659,-24.81565,0.17009,0.74610,-0.16554,0.62209,30.84575,-18.38811,-2.87221,
825525330000,293.98943,-191.81920,-25.13496,0.17190,0.74568,-0.16713,0.62168,31.02641,-18.53932,-2.89430,
825616260000,296.74340,-193.70574,-25.41146,0.17519,0.74501,-0.16989,0.62081,31.14567,-18.77187,-2.93237,
825707260000,299.55178,-195.48257,-25.68276,0.17727,0.74441,-0.17177,0.62043,31.30654,-18.90996,-2.96248,
825798190000,302.32501,-197.46795,-25.96961,0.18089,0.74361,-0.17539,0.61933,31.44492,-19.21757,-3.01391,
825889120000,305.18234,-199.51930,-26.27453,0.18499,0.74309,-0.17903,0.61769,31.62832,-19.54552,-3.05941,
825998250000,308.62274,-201.82183,-26.62662,0.18811,0.74255,-0.18188,0.61656,31.84046,-19.78482,-3.09466,
826089180000,311.58795,-203.98983,-26.94929,0.19253,0.74184,-0.18567,0.61493,32.08224,-20.21138,-3.15756,
826180180000,314.48790,-205.93710,-27.24577,0.19490,0.74140,-0.18789,0.61403,32.23280,-20.39538,-3.17647,
826271110000,317.41472,-207.85560,-27.54053,0.19714,0.74095,-0.18961,0.61333,32.42020,-20.55194,-3.20773,
826380240000,320.94591,-210.18450,-27.89777,0.19903,0.74077,-0.19185,0.61224,32.62583,-20.74050,-3.24349,
826471170000,323.90739,-212.13189,-28.19588,0.20048,0.74048,-0.19311,0.61173,32.79371,-20.86749,-3.24965,
826562100000,326.96696,-214.09000,-28.49952,0.20175,0.73999,-0.19414,0.61157,33.05982,-21.01312,-3.28302,
826653100000,330.05152,-216.03464,-28.80862,0.20265,0.73997,-0.19466,0.61113,33.32368,-21.11801,-3.32176,
826762230000,333.68760,-218.37897,-29.17538,0.20384,0.73980,-0.19520,0.61077,33.52038,-21.26990,-3.35033,
826853160000,336.72945,-220.35112,-29.48322,0.20425,0.73962,-0.19644,0.61046,33.69661,-21.41809,-3.39418,
826944090000,339.86830,-222.27109,-29.79385,0.20317,0.74010,-0.19706,0.61003,33.95861,-21.46786,-3.43241,
827035020000,342.96073,-224.22800,-30.10787,0.20296,0.74020,-0.19769,0.60978,34.12175,-21.53158,-3.44129,
827144150000,346.73600,-226.56563,-30.48468,0.20300,0.73983,-0.19747,0.61029,34.41081,-21.58810,-3.47660,
827235150000,349.88827,-228.54123,-30.80511,0.20319,0.74001,-0.19724,0.61008,34.61475,-21.69180,-3.50953,
827344280000,353.67895,-230.90175,-31.18742,0.20263,0.74022,-0.19700,0.61008,34.83563,-21.79338,-3.52354,
827417010000,356.18555,-232.50689,-31.44476,0.20284,0.74032,-0.19715,0.60984,34.96916,-21.86867,-3.54252,
827507940000,359.34929,-234.47135,-31.76191,0.20244,0.74082,-0.19691,0.60945,35.14340,-21.91905,-3.56874,
827617070000,363.19785,-236.84423,-32.14390,0.20250,0.74096,-0.19670,0.60933,35.34290,-21.99069,-3.57726,
827708070000,366.37887,-238.87140,-32.46886,0.20245,0.74111,-0.19698,0.60907,35.49713,-22.10548,-3.60315,
827799000000,369.61473,-240.78435,-32.78542,0.20091,0.74179,-0.19672,0.60884,35.68455,-22.10589,-3.61771,
827889930000,372.83517,-242.79696,-33.11165,0.20095,0.74232,-0.19687,0.60813,35.84710,-22.15790,-3.63147,
827999060000,376.73669,-245.12912,-33.49188,0.20040,0.74315,-0.19608,0.60756,36.05544,-22.17411,-3.65828,
828089990000,379.97954,-247.15648,-33.82146,0.20085,0.74396,-0.19561,0.60656,36.19824,-22.24877,-3.67457,
828180990000,383.22435,-249.19748,-34.14962,0.20114,0.74411,-0.19535,0.60636,36.31216,-22.35184,-3.69415,
828271920000,386.48204,-251.19192,-34.45721,0.20062,0.74368,-0.19552,0.60701,36.43800,-22.42432,-3.69826,
828381050000,390.42300,-253.59828,-34.83773,0.19983,0.74331,-0.19579,0.60763,36.61355,-22.49423,-3.69211,
828471980000,393.68222,-255.67357,-35.16848,0.19958,0.74328,-0.19642,0.60756,36.75787,-22.57886,-3.71587,
828562910000,396.96847,-257.67088,-35.48563,0.19879,0.74362,-0.19575,0.60761,36.89757,-22.58285,-3.72826,
828653910000,400.27910,-259.72449,-35.81995,0.19852,0.74393,-0.19522,0.60750,37.01866,-22.65800,-3.73985,
828763040000,404.29290,-262.22812,-36.22700,0.19773,0.74385,-0.19520,0.60785,37.20138,-22.79158,-3.76827,
828853970000,407.58758,-264.35929,-36.56208,0.19754,0.74387,-0.19602,0.60763,37.29703,-22.91858,-3.78811,
828944900000,410.88657,-266.41423,-36.88008,0.19632,0.74385,-0.19595,0.60807,37.37557,-22.93383,-3.77186,
829035830000,414.21106,-268.43017,-37.20017,0.19548,0.74414,-0.19482,0.60835,37.48473,-22.90654,-3.77426,
829126830000,417.51078,-270.51811,-37.52799,0.19554,0.74458,-0.19415,0.60800,37.53524,-22.96408,-3.78070,
829235960000,421.57196,-273.01223,-37.93431,0.19535,0.74493,-0.19311,0.60797,37.67989,-23.03447,-3.79805,
829326890000,424.88089,-275.11049,-38.25822,0.19569,0.74463,-0.19262,0.60838,37.76003,-23.13517,-3.80694,
829417820000,428.26587,-277.22305,-38.59921,0.19567,0.74449,-0.19268,0.60855,37.92147,-23.23711,-3.83201,
829508750000,431.59789,-279.33353,-38.92501,0.19575,0.74436,-0.19242,0.60876,38.04220,-23.30182,-3.83325,
829617950000,435.71829,-281.86397,-39.33661,0.19551,0.74461,-0.19162,0.60878,38.26449,-23.41060,-3.87223,
829708880000,439.07264,-283.98411,-39.66201,0.19540,0.74475,-0.19160,0.60865,38.37012,-23.49294,-3.87832,
829799810000,442.46508,-286.06963,-39.98779,0.19507,0.74476,-0.19115,0.60889,38.48414,-23.55291,-3.86760,
829890740000,445.86160,-288.16070,-40.31558,0.19445,0.74491,-0.19097,0.60895,38.62070,-23.61917,-3.88987,
829999870000,450.03484,-290.74243,-40.73586,0.19383,0.74556,-0.19097,0.60835,38.82771,-23.71258,-3.92515,
830090870000,453.52339,-292.89537,-41.08598,0.19351,0.74590,-0.19093,0.60806,38.96776,-23.77273,-3.92710,
830181800000,456.96095,-294.99781,-41.41024,0.19306,0.74580,-0.19049,0.60846,39.07477,-23.81890,-3.93073,
830272730000,460.45811,-297.16638,-41.76080,0.19257,0.74613,-0.19061,0.60818,39.22444,-23.90783,-3.95776,
830381860000,464.61411,-299.73401,-42.14909,0.19185,0.74612,-0.19047,0.60846,39.34075,-23.96420,-3.94275,
830472790000,468.04868,-301.88775,-42.47874,0.19149,0.74602,-0.19029,0.60875,39.44121,-24.01896,-3.95138,
830563790000,471.47601,-304.08516,-42.81295,0.19150,0.74611,-0.19048,0.60858,39.52646,-24.10894,-3.96492,
830654720000,474.94078,-306.24453,-43.14622,0.19118,0.74615,-0.19065,0.60858,39.61732,-24.16805,-3.95552,
830745650000,478.38961,-308.45547,-43.48186,0.19156,0.74558,-0.19072,0.60913,39.69401,-24.18832,-3.92499,
830854780000,482.62523,-311.02224,-43.87152,0.19297,0.74370,-0.18744,0.61200,39.72931,-24.08595,-3.78276,
830945710000,486.07705,-313.25162,-44.20091,0.19375,0.74063,-0.18622,0.61583,39.82368,-24.33806,-3.88867,
831036710000,489.64968,-315.48381,-44.56233,0.19162,0.74148,-0.18848,0.61479,40.14622,-24.63717,-4.19883,
831127640000,493.19197,-317.70914,-44.92872,0.18839,0.74603,-0.19083,0.60953,40.35093,-24.60375,-4.26506,
832746460000,0.03279,0.00381,-0.00614,-0.01841,0.76245,0.02723,0.64621,-0.00809,-0.10856,0.00778,
832855590000,0.05538,-0.00896,-0.02055,-0.07475,0.76955,0.07041,0.63027,0.11494,-0.26418,-0.07546,
832946520000,0.08082,-0.02744,-0.03358,-0.12317,0.76743,0.10304,0.62069,0.27370,-0.33126,-0.13086,
833037520000,0.11761,-0.05376,-0.05157,-0.16172,0.76674,0.12367,0.60883,0.40308,-0.37219,-0.17890,
833128450000,0.15841,-0.09726,-0.06840,-0.15837,0.76914,0.11344,0.60867,0.52578,-0.40301,-0.21013,
833255780000,0.24281,-0.12637,-0.09854,-0.18919,0.76096,0.12864,0.60712,0.65474,-0.23321,-0.21738,
833328510000,0.29598,-0.14135,-0.11663,-0.19548,0.75922,0.13258,0.60646,0.67161,-0.14419,-0.21987,
833419440000,0.36228,-0.12993,-0.13701,-0.21471,0.75187,0.15008,0.60503,0.68285,-0.05701,-0.24108,
833510440000,0.42628,-0.13533,-0.16055,-0.21954,0.74779,0.15606,0.60684,0.72772,-0.02233,-0.28074,
833619570000,0.51747,-0.11848,-0.19121,-0.22994,0.74119,0.16916,0.60758,0.86279,0.01491,-0.31058,
833710500000,0.60908,-0.11284,-0.21653,-0.23331,0.73746,0.17580,0.60894,1.02044,-0.03330,-0.32277,
833801430000,0.71251,-0.12062,-0.24743,-0.23898,0.73595,0.17989,0.60738,1.15504,-0.08575,-0.34803,
833892360000,0.82245,-0.12575,-0.28546,-0.24751,0.73494,0.18519,0.60357,1.24363,-0.09688,-0.38605,
834001560000,0.96180,-0.12827,-0.33435,-0.26149,0.73230,0.19422,0.59803,1.29390,-0.09880,-0.42040,
834092490000,1.08002,-0.11922,-0.37033,-0.27431,0.72685,0.20366,0.59579,1.31258,-0.06338,-0.43443,
834183420000,1.20264,-0.09737,-0.39985,-0.28586,0.71923,0.21472,0.59572,1.35474,-0.01374,-0.44264,
834274350000,1.32670,-0.08195,-0.43445,-0.29658,0.71235,0.22565,0.59471,1.41598,-0.01455,-0.45336,
834365280000,1.45752,-0.05615,-0.46358,-0.30954,0.70379,0.23832,0.59335,1.48056,-0.01105,-0.44945,
834474480000,1.61863,-0.02429,-0.50228,-0.32707,0.69369,0.25402,0.58931,1.52593,0.01359,-0.45485,
834565410000,1.74776,0.01583,-0.53513,-0.34595,0.68349,0.27014,0.58325,1.54094,0.03409,-0.45629,
834656340000,1.88441,0.01884,-0.58031,-0.35707,0.67745,0.27902,0.57940,1.56349,-0.00230,-0.47326,
834747270000,2.02519,0.00624,-0.63134,-0.36576,0.67280,0.28547,0.57626,1.60425,-0.06134,-0.50432,
834856400000,2.19008,-0.00373,-0.69446,-0.38154,0.66469,0.29659,0.56978,1.64743,-0.12057,-0.54503,
834947400000,2.32803,-0.00613,-0.74608,-0.39772,0.65611,0.30806,0.56253,1.67172,-0.16386,-0.56347,
835038330000,2.46512,-0.00997,-0.79706,-0.41217,0.64753,0.31872,0.55609,1.67114,-0.21491,-0.57122,
835129260000,2.60031,-0.01386,-0.84618,-0.42724,0.63775,0.33022,0.54927,1.66279,-0.26427,-0.58267,
835238390000,2.76497,-0.02171,-0.90459,-0.44488,0.62528,0.34407,0.54103,1.66257,-0.32234,-0.60188,
835329320000,2.90557,-0.03878,-0.95597,-0.45734,0.61568,0.35418,0.53510,1.68377,-0.37823,-0.62180,
835420320000,3.04246,-0.05680,-1.00690,-0.47163,0.60470,0.36559,0.52749,1.69744,-0.44700,-0.62812,
835511250000,3.19072,-0.09174,-1.06146,-0.48354,0.59545,0.37437,0.52104,1.74167,-0.53392,-0.64525,
835620380000,3.36280,-0.14046,-1.12673,0.50051,-0.58275,-0.38626,-0.51058,1.75500,-0.63502,-0.66481,
835711310000,3.50995,-0.19364,-1.18313,0.51317,-0.57278,-0.39496,-0.50258,1.76343,-0.73420,-0.68477,
835802240000,3.66357,-0.26581,-1.24536,0.52346,-0.56416,-0.40211,-0.49601,1.76808,-0.84012,-0.70936,
835893240000,3.82891,-0.35137,-1.31284,0.53058,-0.55715,-0.40780,-0.49170,1.79204,-0.96152,-0.73408,
835984170000,3.98184,-0.44115,-1.37628,0.54143,-0.54684,-0.41588,-0.48462,1.80460,-1.07838,-0.74639,
836093300000,4.19060,-0.56942,-1.46270,0.54753,-0.53894,-0.42211,-0.48122,1.85179,-1.22447,-0.77614,
836184230000,4.39235,-0.69439,-1.54612,0.54775,-0.53629,-0.42436,-0.48196,1.93525,-1.34744,-0.82181,
836275160000,4.61375,-0.83371,-1.63693,0.54602,-0.53565,-0.42501,-0.48405,2.04774,-1.47255,-0.87257,
836366160000,4.83349,-0.98317,-1.72833,0.54646,-0.53381,-0.42636,-0.48441,2.15117,-1.60077,-0.91263,
836475290000,5.11558,-1.18369,-1.84492,0.54479,-0.53382,-0.42620,-0.48641,2.26223,-1.76166,-0.96234,
836566220000,5.36123,-1.36531,-1.94666,0.54291,-0.53440,-0.42581,-0.48822,2.34800,-1.89866,-1.01514,
836657150000,5.62316,-1.57064,-2.05591,0.53975,-0.53618,-0.42432,-0.49106,2.44244,-2.05201,-1.06918,
836748080000,5.89149,-1.79031,-2.16756,0.53772,-0.53713,-0.42333,-0.49310,2.55226,-2.20196,-1.11495,
836857210000,6.21173,-2.06935,-2.30304,0.53817,-0.53585,-0.42428,-0.49318,2.67167,-2.38186,-1.16282,
836948210000,6.48994,-2.32280,-2.42228,0.53771,-0.53587,-0.42444,-0.49352,2.77917,-2.54552,-1.20935,
837039140000,6.78832,-2.60481,-2.54922,0.53571,-0.53773,-0.42286,-0.49503,2.89228,-2.73145,-1.26332,
837130070000,7.08878,-2.90615,-2.68062,0.53537,-0.53826,-0.42205,-0.49550,3.00115,-2.93773,-1.31613,
837239200000,7.46202,-3.29571,-2.84341,0.53574,-0.53837,-0.42123,-0.49568,3.13803,-3.20437,-1.37102,
837330130000,7.78004,-3.64889,-2.98837,0.53636,-0.53847,-0.42031,-0.49568,3.23205,-3.43765,-1.41811,
837421130000,8.09438,-4.02068,-3.14377,0.53854,-0.53703,-0.42058,-0.49465,3.31900,-3.68011,-1.48574,
837512060000,8.42354,-4.41223,-3.29978,0.53990,-0.53632,-0.42051,-0.49401,3.42304,-3.91477,-1.56298,
837602990000,8.78028,-4.83709,-3.45520,0.53733,-0.53880,-0.41815,-0.49610,3.56039,-4.16418,-1.62954,
837712120000,9.18519,-5.36639,-3.66443,0.54015,-0.53705,-0.41821,-0.49489,3.66460,-4.47910,-1.71278,
837803050000,9.57092,-5.86322,-3.83060,0.53786,-0.53931,-0.41505,-0.49758,3.79533,-4.73354,-1.76198,
837894050000,9.92249,-6.37352,-4.02977,0.54139,-0.53690,-0.41545,-0.49601,3.87420,-4.99362,-1.85170,
837984980000,10.29972,-6.89554,-4.22367,0.54153,-0.53681,-0.41452,-0.49673,4.00142,-5.25216,-1.92453,
838094110000,10.79678,-7.59227,-4.44031,0.53832,-0.53959,-0.41101,-0.50013,4.20006,-5.58920,-1.97960,
838185040000,11.14485,-8.10571,-4.66244,0.54614,-0.53326,-0.41494,-0.49517,4.24742,-5.79594,-2.07242,
838275970000,11.54830,-8.71028,-4.87364,0.54628,-0.53348,-0.41365,-0.49584,4.33910,-6.05430,-2.15334,
838366970000,11.96240,-9.27427,-5.07239,0.55010,-0.52914,-0.41672,-0.49370,4.43558,-6.24906,-2.20928,
838476100000,12.46727,-10.06588,-5.33813,0.55131,-0.52776,-0.41621,-0.49426,4.57324,-6.58359,-2.29135,
838567030000,12.91337,-10.66349,-5.53932,0.55379,-0.52392,-0.41849,-0.49365,4.72152,-6.76085,-2.33540,
838657960000,13.22502,-11.34723,-5.83652,0.55626,-0.52264,-0.41728,-0.49326,4.70451,-7.03437,-2.47016,
838748890000,13.73148,-11.98185,-6.03638,0.55917,-0.51888,-0.41997,-0.49164,4.87190,-7.21695,-2.49955,
838858090000,14.22769,-12.86727,-6.35197,0.55981,-0.51821,-0.41907,-0.49240,4.92397,-7.54061,-2.58544,
838949020000,14.62587,-13.55876,-6.62058,0.56269,-0.51412,-0.42189,-0.49099,4.97136,-7.76036,-2.66884,
839039950000,15.10112,-14.33393,-6.87431,0.56203,-0.51434,-0.42139,-0.49194,5.13125,-8.01331,-2.75102,
839130880000,15.61712,-15.08418,-7.12028,0.56477,-0.51157,-0.42330,-0.49005,5.32297,-8.24717,-2.81353,
839240010000,16.14325,-16.07341,-7.47105,0.56631,-0.51196,-0.42164,-0.48929,5.41159,-8.59708,-2.91809,
839331010000,16.57823,-16.86232,-7.76666,0.56896,-0.51010,-0.42251,-0.48741,5.42921,-8.83968,-3.00392,
839421940000,17.04103,-17.71229,-8.06074,0.56958,-0.50989,-0.42230,-0.48709,5.46929,-9.11826,-3.08526,
839512870000,17.62993,-18.55661,-8.32127,0.57056,-0.50802,-0.42356,-0.48680,5.63329,-9.37127,-3.12366,
839603800000,18.40418,-19.61501,-8.56753,0.56982,-0.50849,-0.42269,-0.48793,5.96727,-9.71748,-3.15609,
839712930000,19.11909,-20.71558,-8.90604,0.57033,-0.50704,-0.42382,-0.48785,6.17478,-10.02334,-3.23447,
839803930000,19.57534,-21.75907,-9.26548,0.57018,-0.50786,-0.42198,-0.48877,6.20873,-10.38296,-3.35426,
839894860000,20.12796,-22.67274,-9.58372,0.57168,-0.50570,-0.42290,-0.48846,6.30841,-10.62362,-3.42662,
839985790000,20.68453,-23.74422,-9.91949,0.57108,-0.50633,-0.42134,-0.48986,6.40092,-10.93290,-3.50577,
840094920000,21.46128,-24.96934,-10.29485,0.57179,-0.50445,-0.42244,-0.49003,6.58620,-11.22797,-3.58258,
840185850000,21.91821,-26.09133,-10.67888,0.57081,-0.50551,-0.42037,-0.49186,6.61261,-11.54928,-3.69408,
840276850000,22.24959,-27.12903,-11.10244,0.57102,-0.50522,-0.41945,-0.49268,6.54404,-11.80865,-3.82348,
840367780000,22.90606,-28.27219,-11.43569,0.57014,-0.50679,-0.41744,-0.49381,6.71579,-12.09223,-3.88523,
840476910000,23.57859,-29.60595,-11.88854,0.57102,-0.50623,-0.41662,-0.49406,6.77600,-12.40637,-3.98424,
840567840000,23.85218,-30.85936,-12.33851,0.56834,-0.50907,-0.41257,-0.49761,6.59656,-12.75528,-4.10312,
840658770000,24.52269,-31.97647,-12.69123,0.56918,-0.50785,-0.41295,-0.49759,6.75646,-12.96244,-4.16134,
840749770000,25.11716,-33.28936,-13.08465,0.56681,-0.51094,-0.40971,-0.49981,6.85394,-13.29056,-4.24933,
840858900000,26.19901,-34.78366,-13.50124,0.56949,-0.50887,-0.41080,-0.49796,7.21845,-13.62395,-4.31002,
840949830000,26.51893,-36.20405,-13.99446,0.56691,-0.51264,-0.40567,-0.50124,7.03424,-14.02256,-4.44248,
841040760000,27.07485,-37.45763,-14.42047,0.56821,-0.51118,-0.40600,-0.50100,7.05440,-14.28281,-4.51722,
841131690000,27.49397,-38.86061,-14.87953,0.56644,-0.51320,-0.40334,-0.50308,6.96701,-14.62316,-4.61607,
841222690000,28.36187,-40.18765,-15.26205,0.56809,-0.51088,-0.40499,-0.50225,7.21442,-14.88040,-4.67735,
841331820000,29.06739,-41.94261,-15.80920,0.56784,-0.51142,-0.40319,-0.50343,7.26422,-15.30953,-4.78396,
841422750000,29.75856,-43.34111,-16.24953,0.56960,-0.50945,-0.40389,-0.50288,7.37793,-15.57598,-4.86247,
841513680000,30.25836,-44.83608,-16.73689,0.56970,-0.51030,-0.40258,-0.50295,7.34434,-15.89856,-4.97217,
841604610000,31.00218,-46.28312,-17.17748,0.57192,-0.50861,-0.40348,-0.50143,7.45786,-16.18574,-5.03746,
841713740000,31.74856,-48.13315,-17.75424,0.57335,-0.50755,-0.40363,-0.50074,7.47553,-16.58553,-5.14772,
841804740000,32.44298,-49.65584,-18.22627,0.57582,-0.50471,-0.40548,-0.49928,7.52684,-16.88142,-5.22272,
841895670000,33.12921,-51.20439,-18.70428,0.57793,-0.50155,-0.40798,-0.49799,7.57313,-17.18757,-5.29297,
841986600000,33.21668,-52.88137,-19.30512,0.57829,-0.50035,-0.40862,-0.49826,7.22739,-17.57448,-5.43861,
842095730000,34.00960,-54.81757,-19.90391,0.58188,-0.49592,-0.41212,-0.49562,7.31655,-17.94891,-5.54390,
842186660000,34.67811,-56.46462,-20.41182,0.58535,-0.49201,-0.41500,-0.49301,7.38621,-18.27867,-5.62834,
842277660000,35.35257,-58.14303,-20.92806,0.58910,-0.48790,-0.41776,-0.49029,7.43176,-18.61050,-5.71736,
842368590000,36.03050,-59.85086,-21.45182,0.59241,-0.48344,-0.42105,-0.48790,7.48831,-18.95625,-5.80264,
842477720000,36.85312,-61.94293,-22.09067,0.59617,-0.47824,-0.42477,-0.48523,7.58299,-19.38459,-5.90505,
842568650000,37.54612,-63.72159,-22.63163,0.59932,-0.47364,-0.42821,-0.48283,7.66326,-19.73673,-5.99578,
842659580000,38.24671,-65.53258,-23.18116,0.60288,-0.46891,-0.43166,-0.47993,7.74254,-20.09841,-6.09055,
842750580000,38.95405,-67.37819,-23.73957,0.60632,-0.46402,-0.43493,-0.47739,7.80457,-20.46410,-6.18248,
842841510000,39.66752,-69.25547,-24.30603,0.60988,-0.45880,-0.43833,-0.47478,7.89159,-20.82560,-6.27611,
842950640000,40.53427,-71.55072,-24.99670,0.61494,-0.45184,-0.44241,-0.47113,7.98915,-21.22964,-6.38122,
843041570000,41.26405,-73.49521,-25.58099,0.61909,-0.44571,-0.44594,-0.46819,8.06517,-21.53674,-6.47048,
843132500000,42.00110,-75.46770,-26.17332,0.62336,-0.43961,-0.44963,-0.46475,8.14294,-21.85180,-6.55594,
843223500000,42.74552,-77.47116,-26.77375,0.62803,-0.43290,-0.45364,-0.46085,8.21905,-22.17882,-6.64084,
843332630000,43.64755,-79.91249,-27.50417,0.63399,-0.42451,-0.45870,-0.45546,8.31170,-22.56363,-6.74592,
843423560000,44.40637,-81.97894,-28.12155,0.63893,-0.41730,-0.46325,-0.45059,8.37757,-22.89124,-6.83401,
843514490000,45.17147,-84.07558,-28.74748,0.64407,-0.40957,-0.46807,-0.44536,8.45267,-23.22531,-6.93477,
843605420000,45.94327,-86.20294,-29.38268,0.64973,-0.40108,-0.47309,-0.43952,8.51904,-23.56773,-7.03392,
843714620000,46.87728,-88.79993,-30.15630,0.65631,-0.38971,-0.47959,-0.43287,8.59341,-23.99543,-7.13369,
843805550000,47.66306,-90.99723,-30.80925,0.66163,-0.37992,-0.48514,-0.42726,8.69554,-24.33369,-7.22955,
843896480000,48.45881,-93.22551,-31.47122,0.66720,-0.36995,-0.49055,-0.42111,8.80506,-24.68021,-7.32976,
843987410000,49.26449,-95.48603,-32.14221,0.67294,-0.35957,-0.49587,-0.41470,8.91696,-25.04029,-7.42997,
844096540000,50.24478,-98.24250,-32.95969,0.68021,-0.34682,-0.50205,-0.40618,9.04626,-25.47587,-7.55374,
844187540000,51.07273,-100.57707,-33.65205,0.68620,-0.33577,-0.50758,-0.39843,9.15147,-25.83459,-7.66397,
844278470000,51.91056,-102.94258,-34.35416,0.69185,-0.32476,-0.51340,-0.39026,9.28022,-26.19850,-7.77870,
844369400000,52.75963,-105.34248,-35.06654,0.69730,-0.31357,-0.51905,-0.38214,9.39037,-26.59365,-7.88932,
844460330000,53.61897,-107.77857,-35.78909,0.70194,-0.30171,-0.52491,-0.37512,9.52031,-26.98330,-8.00596,
844569460000,54.66823,-110.74828,-36.67102,0.70718,-0.28760,-0.53176,-0.36663,9.71682,-27.44722,-8.15602,
844660460000,55.56152,-113.26381,-37.41846,0.71188,-0.27551,-0.53677,-0.35944,9.92033,-27.83187,-8.27106,
844751390000,56.47313,-115.81083,-38.17570,0.71687,-0.26401,-0.54104,-0.35167,10.15102,-28.18396,-8.38232,
844842320000,57.41009,-118.38946,-38.94293,0.72258,-0.25421,-0.54380,-0.34283,10.46736,-28.53297,-8.49248,
844951450000,58.57102,-121.52632,-39.87739,0.73115,-0.24458,-0.54495,-0.32960,10.74401,-28.96968,-8.64467,
845042380000,59.54698,-124.18003,-40.67121,0.73599,-0.23478,-0.54808,-0.32062,10.69915,-29.40272,-8.82364,
845133380000,60.51713,-126.87632,-41.48317,0.73626,-0.22235,-0.55555,-0.31598,10.64068,-29.86045,-9.01847,
845224310000,61.49239,-129.61168,-42.30956,0.73500,-0.20823,-0.56380,-0.31392,10.85535,-30.29298,-9.14336,
846370210000,-0.47682,0.80937,0.05024,0.58423,-0.41502,-0.56473,-0.40929,-0.51864,0.74006,0.03566,
846461140000,-0.54452,0.91373,0.05779,0.59020,-0.40793,-0.56926,-0.40150,-0.53635,0.76081,0.04751,
846570270000,0.78850,0.69527,0.03485,-0.13719,0.70081,0.12066,0.68955,0.76236,0.56887,0.01907,
846661270000,0.97546,0.55756,0.03322,-0.06929,0.71190,0.05398,0.69677,0.84690,0.36970,0.05475,
846752200000,1.08308,0.67127,0.04503,-0.10643,0.70786,0.09142,0.69228,0.83275,0.36364,0.09650,
846843130000,1.21604,0.57038,0.05370,-0.05672,0.71328,0.04468,0.69715,0.81470,0.22681,0.08949,
846952260000,1.22543,0.83275,0.06665,-0.14624,0.69928,0.13398,0.68678,0.63246,0.47956,0.04035,
847043190000,1.28927,0.88987,0.06486,-0.14879,0.69813,0.14027,0.68615,0.48284,0.69761,0.01238,
847134190000,1.33980,0.96025,0.06222,-0.14802,0.69603,0.15152,0.68606,0.36323,0.78570,-0.00378,
847225120000,1.37730,1.02050,0.05901,-0.14926,0.69271,0.16321,0.68647,0.36796,0.58503,-0.01679,
847334250000,1.44075,1.06087,0.05551,-0.15764,0.68742,0.16949,0.68838,0.53588,0.22725,-0.03110,
847425180000,1.51324,1.07859,0.05617,-0.16731,0.68522,0.16913,0.68838,0.70952,0.21711,0.02684,
847516110000,1.58738,1.10562,0.06052,-0.17542,0.68584,0.16982,0.68558,0.71379,0.34174,0.06951,
847607110000,1.65264,1.14491,0.06896,-0.18251,0.68576,0.17366,0.68284,0.61347,0.47367,0.08244,
847698040000,1.71398,1.20234,0.07713,-0.18693,0.68385,0.18028,0.68184,0.54702,0.58747,0.06991,
847807170000,1.71788,0.22534,0.05219,0.32356,0.65004,-0.30849,0.61448,0.65093,-0.50728,0.01284,
847898100000,1.83773,0.48983,0.03472,0.22700,0.69772,-0.22268,0.64192,0.66607,-0.28521,-0.00953,
847989030000,2.09478,0.63069,0.04711,0.10777,0.71932,-0.11162,0.67713,0.80147,-0.27271,0.01193,
848080030000,2.24363,0.48997,0.04934,0.13156,0.71340,-0.13236,0.67545,0.82954,-0.45318,0.01993,
848189160000,2.23211,0.24735,0.06086,0.22728,0.68270,-0.22333,0.65756,0.72113,-0.61613,0.02562,
848280090000,1.98065,-0.14240,0.08519,0.42339,0.59882,-0.38786,0.55832,0.53759,-0.93511,0.05010,
848371020000,1.99596,-0.04187,0.05659,0.41378,0.59885,-0.40005,0.55689,0.51865,-0.74125,0.00382,
848461950000,1.42088,-0.46926,0.05787,0.60877,0.40787,-0.57130,0.36967,-0.17701,-1.03266,-0.02325,
848571150000,2.63605,0.92135,-0.08845,0.01277,0.75393,-0.00938,0.65677,1.18317,0.25972,-0.17425,
848662080000,1.32808,1.40074,0.07368,0.64000,-0.39762,-0.55943,-0.34546,0.16577,0.75766,-0.01006,
848753010000,3.18594,2.00625,-0.09891,0.57676,-0.55803,-0.42938,-0.41423,3.10382,1.44626,-0.36075,
848843940000,3.79838,1.13978,-0.07761,-0.36343,0.69600,0.28889,0.54776,3.17134,0.09297,-0.22951,
848953070000,3.82716,1.41866,-0.04931,-0.37986,0.69166,0.29719,0.53758,2.86674,0.42143,-0.16962,
849044070000,4.10009,1.45495,-0.06530,-0.37966,0.69275,0.29584,0.53707,3.00428,0.39057,-0.18573,
849135000000,4.38063,1.50880,-0.08288,-0.37954,0.69041,0.29794,0.53899,3.12838,0.38974,-0.18941,
849225930000,4.66798,1.55235,-0.10113,-0.38180,0.68875,0.30014,0.53830,3.25450,0.36039,-0.19437,
849335060000,5.03279,1.60882,-0.12277,-0.38227,0.68695,0.30202,0.53921,3.41840,0.34548,-0.20570,
849425990000,5.35089,1.65153,-0.14098,-0.38368,0.68586,0.30410,0.53844,3.55391,0.32160,-0.20887,
849516990000,5.67621,1.71827,-0.15474,-0.38714,0.68359,0.30773,0.53677,3.69473,0.31985,-0.22005,
849607920000,6.02543,1.71227,-0.18053,-0.38479,0.68549,0.30543,0.53735,3.84908,0.24570,-0.24534,
849698850000,6.37587,1.74269,-0.19977,-0.38481,0.68542,0.30556,0.53735,3.99855,0.22835,-0.25869,
849807980000,6.82539,1.76914,-0.22919,-0.38514,0.68580,0.30531,0.53678,4.19599,0.21274,-0.28008,
849898910000,7.20765,1.80848,-0.25157,-0.38612,0.68543,0.30605,0.53613,4.34196,0.22812,-0.29630,
849989910000,7.61652,1.83001,-0.28046,-0.38607,0.68585,0.30596,0.53567,4.49908,0.21992,-0.30563,
850080840000,8.02675,1.87120,-0.30388,-0.38640,0.68549,0.30673,0.53546,4.65083,0.22421,-0.30878,
850189970000,8.54845,1.89064,-0.33929,-0.38624,0.68622,0.30603,0.53504,4.85027,0.19515,-0.33141,
850280900000,8.98996,1.93088,-0.36507,-0.38673,0.68596,0.30630,0.53487,4.98865,0.20394,-0.34457,
850371830000,9.45743,1.94731,-0.39834,-0.38663,0.68663,0.30540,0.53459,5.15187,0.18877,-0.36316,
850462830000,9.93316,1.98005,-0.42628,-0.38714,0.68622,0.30551,0.53469,5.28793,0.19173,-0.36273,
850571960000,10.52526,2.00262,-0.46695,-0.38733,0.68646,0.30525,0.53438,5.48302,0.17436,-0.37886,
850662890000,11.04478,2.02008,-0.49892,-0.38617,0.68689,0.30447,0.53512,5.64062,0.16732,-0.39954,
850753820000,11.56292,2.03477,-0.53576,-0.38554,0.68729,0.30432,0.53514,5.77525,0.16158,-0.41051,
850862950000,12.21417,2.05367,-0.57828,-0.38471,0.68728,0.30430,0.53576,5.96318,0.14594,-0.42145,
850953880000,12.76660,2.06045,-0.61805,-0.38376,0.68776,0.30397,0.53602,6.12977,0.11926,-0.43879,
851044880000,13.33250,2.09357,-0.65430,-0.38465,0.68713,0.30510,0.53554,6.27896,0.10803,-0.45222,
851135810000,13.92917,2.08714,-0.69896,-0.38330,0.68834,0.30419,0.53548,6.43544,0.06286,-0.46629,
851226740000,14.51167,2.11979,-0.73533,-0.38430,0.68767,0.30549,0.53489,6.56493,0.05596,-0.47605,
851317670000,15.13014,2.09995,-0.78285,-0.38237,0.68903,0.30431,0.53518,6.72103,0.00557,-0.49104,
851426800000,15.89102,2.09312,-0.83604,-0.38197,0.68935,0.30421,0.53512,6.92439,-0.04804,-0.50895,
851517800000,16.53375,2.07409,-0.88478,-0.38135,0.69046,0.30300,0.53482,7.08645,-0.09713,-0.53168,
851608730000,17.19879,2.06745,-0.93195,-0.38150,0.69064,0.30243,0.53479,7.22208,-0.12228,-0.54145,
851699660000,17.86840,2.04863,-0.98256,-0.38098,0.69140,0.30154,0.53470,7.36680,-0.14987,-0.54181,
851808790000,18.69637,2.03275,-1.04032,-0.38082,0.69157,0.30150,0.53462,7.53860,-0.17232,-0.54562,
851899720000,19.39852,2.00500,-1.09315,-0.37951,0.69250,0.30118,0.53452,7.70049,-0.20119,-0.57161,
851990720000,20.12451,1.98894,-1.14453,-0.37941,0.69275,0.30130,0.53420,7.86552,-0.25242,-0.58137,
852081650000,20.85788,1.94283,-1.20065,-0.37865,0.69367,0.29989,0.53433,8.03561,-0.30313,-0.59723,
852190780000,21.75960,1.91230,-1.26571,-0.37875,0.69438,0.29949,0.53357,8.22973,-0.32768,-0.61620,
852281710000,22.52371,1.86808,-1.32443,-0.37813,0.69566,0.29818,0.53307,8.37227,-0.37042,-0.62451,
852372640000,23.30690,1.82121,-1.38063,-0.37768,0.69588,0.29763,0.53341,8.49891,-0.39997,-0.62607,
852463640000,24.09627,1.78083,-1.44006,-0.37709,0.69641,0.29719,0.53338,8.66266,-0.42932,-0.64247,
852572770000,25.06895,1.72211,-1.51069,-0.37643,0.69684,0.29672,0.53354,8.85149,-0.47493,-0.65378,
852663700000,25.90631,1.62763,-1.57724,-0.37457,0.69804,0.29508,0.53419,9.02561,-0.54914,-0.67016,
852754630000,26.73048,1.59922,-1.63369,-0.37549,0.69762,0.29535,0.53395,9.16571,-0.56208,-0.68291,
852845560000,27.58260,1.52727,-1.69982,-0.37426,0.69829,0.29471,0.53429,9.31457,-0.58870,-0.70819,
852936560000,28.43857,1.45636,-1.76235,-0.37361,0.69818,0.29478,0.53485,9.45672,-0.63946,-0.71308,
853045690000,29.48945,1.39914,-1.84130,-0.37330,0.69851,0.29445,0.53481,9.66697,-0.67685,-0.72730,
853136620000,30.52292,1.21462,-1.91844,-0.36394,0.70280,0.28787,0.53921,9.94646,-0.79063,-0.75474,
853227550000,31.31934,1.21612,-1.97779,-0.37216,0.69913,0.29294,0.53564,9.98741,-0.78551,-0.76044,
853318480000,32.24160,1.13053,-2.04861,-0.37136,0.70005,0.29158,0.53573,10.14390,-0.80645,-0.77216,
853427680000,33.35555,1.02033,-2.13013,-0.37043,0.70033,0.29126,0.53618,10.31473,-0.85201,-0.77366,
853518610000,34.32663,0.93432,-2.20581,-0.36951,0.70112,0.29047,0.53621,10.48371,-0.89485,-0.78777,
853609540000,35.33713,0.75740,-2.28847,-0.36606,0.70272,0.28809,0.53775,10.66800,-0.99356,-0.82228,
853700470000,36.32977,0.64537,-2.36724,-0.36502,0.70343,0.28716,0.53804,10.82934,-1.05100,-0.82858,
853809600000,37.48848,0.60404,-2.44475,-0.36722,0.70213,0.28869,0.53742,10.98824,-1.03688,-0.82809,
853900600000,38.53757,0.43260,-2.53218,-0.36449,0.70379,0.28655,0.53826,11.16405,-1.11214,-0.85708,
853991530000,39.53932,0.33964,-2.60339,-0.36501,0.70322,0.28710,0.53835,11.29544,-1.15103,-0.85735,
854082460000,40.59975,0.22273,-2.68657,-0.36459,0.70387,0.28621,0.53826,11.46412,-1.19931,-0.86397,
854191590000,41.88236,0.04047,-2.78367,-0.36313,0.70449,0.28543,0.53885,11.63729,-1.28232,-0.87786,
854282520000,42.97466,-0.10467,-2.87016,-0.36219,0.70541,0.28476,0.53863,11.79144,-1.37353,-0.89598,
854373520000,44.10798,-0.29929,-2.96037,-0.36081,0.70657,0.28328,0.53882,11.94892,-1.51315,-0.90578,
854464450000,45.31007,-0.61655,-3.06918,-0.35452,0.71004,0.27827,0.54104,12.13648,-1.71145,-0.92669,
854555380000,46.42085,-0.82436,-3.15456,-0.35474,0.70987,0.27815,0.54118,12.24639,-1.81754,-0.93470,
854664510000,47.72374,-0.93646,-3.24587,-0.35698,0.70893,0.27994,0.54001,12.36276,-1.84083,-0.93076,
854755440000,48.83154,-1.10438,-3.32416,-0.35711,0.70846,0.28021,0.54040,12.47291,-1.91350,-0.93014,
854846440000,50.00583,-1.29642,-3.41548,-0.35619,0.70913,0.27954,0.54048,12.63498,-1.99137,-0.94593,
854937370000,51.09567,-1.38953,-3.48265,-0.35947,0.70734,0.28199,0.53938,12.72547,-2.01262,-0.94050,
855046500000,52.43030,-1.52067,-3.57108,-0.36151,0.70642,0.28336,0.53850,12.85136,-2.03265,-0.94660,
855137430000,53.72227,-1.88142,-3.68574,-0.35757,0.70894,0.27998,0.53960,13.05483,-2.19555,-0.97089,
855228360000,54.92426,-2.17538,-3.77615,-0.35636,0.70935,0.27901,0.54035,13.18067,-2.33295,-0.97384,
855319360000,56.10491,-2.29859,-3.85679,-0.35820,0.70890,0.28020,0.53912,13.28479,-2.37285,-0.96949,
855428490000,57.53341,-2.52393,-3.95608,-0.35905,0.70858,0.28069,0.53871,13.40368,-2.45860,-0.97083,
855519420000,58.94277,-3.02064,-4.08800,-0.35315,0.71209,0.27581,0.54051,13.62225,-2.68522,-0.99951,
855610350000,60.23268,-3.38206,-4.18749,-0.35221,0.71252,0.27484,0.54104,13.76127,-2.84200,-1.00563,
855701280000,61.42371,-3.55073,-4.26454,-0.35429,0.71156,0.27632,0.54019,13.85288,-2.87995,-1.00307,
855810410000,62.88223,-3.78251,-4.35998,-0.35590,0.71086,0.27751,0.53945,13.97117,-2.93355,-1.00281,
855901410000,64.30386,-4.26257,-4.48491,-0.35199,0.71331,0.27416,0.54049,14.16494,-3.11899,-1.02249,
855992340000,65.68785,-4.68249,-4.59900,-0.34987,0.71472,0.27226,0.54096,14.33673,-3.25815,-1.03495,
856083270000,67.07559,-5.09555,-4.71150,-0.34803,0.71574,0.27039,0.54174,14.54253,-3.33823,-1.06087,
856192400000,68.62494,-5.38892,-4.81828,-0.34956,0.71484,0.27145,0.54141,14.74661,-3.31130,-1.08937,
856283330000,70.13502,-5.94503,-4.95400,-0.34451,0.71780,0.26754,0.54268,14.98879,-3.44908,-1.11626,
856374330000,71.61464,-6.41747,-5.08006,-0.34229,0.71931,0.26556,0.54306,15.19747,-3.56644,-1.13157,
856465260000,73.09128,-6.87626,-5.20356,-0.34032,0.72060,0.26370,0.54349,15.41102,-3.64494,-1.16806,
